test_type,key,timestamp_stim,time_stim_response,stim_type
cue_go_nogo_visual,space,1625422769.2189417,0.4875111000146717,Go
cue_go_nogo_visual,space,1625422773.8800013,0.41720040002837777,Go
cue_go_nogo_visual,none,1625422777.9572673,-1.0,Nogo
cue_go_nogo_visual,none,1625422782.4438703,-1.0,Nogo
cue_go_nogo_visual,space,1625422787.0888834,0.5386721000541002,Go
cue_go_nogo_visual,space,1625422791.7371302,0.5625122000928968,Go
cue_go_nogo_visual,space,1625422796.0153441,0.35409769997932017,Go
cue_go_nogo_visual,none,1625422799.828441,-1.0,Nogo
cue_go_nogo_visual,space,1625422804.1982012,0.41321110003627837,Go
cue_go_nogo_visual,space,1625422808.1886637,0.3843921001534909,Go
cue_go_nogo_visual,space,1625422812.5800629,0.39924159995280206,Go
cue_go_nogo_visual,none,1625422816.4801068,-1.0,Nogo
cue_go_nogo_visual,space,1625422820.4558222,0.32877580006606877,Go
cue_go_nogo_visual,space,1625422825.1083498,0.27479349984787405,Go
cue_go_nogo_visual,space,1625422829.035726,0.3542369999922812,Go
cue_go_nogo_visual,space,1625422833.4199827,0.4345730000641197,Go
cue_go_nogo_visual,none,1625422837.5044184,-1.0,Nogo
cue_go_nogo_visual,space,1625422842.0820768,0.41482320008799434,Go
cue_go_nogo_visual,none,1625422846.452524,-1.0,Nogo
cue_go_nogo_visual,space,1625422850.7290487,0.47305990010499954,Go
cue_go_nogo_visual,space,1625422854.6991262,0.5612975000403821,Go
cue_go_nogo_visual,none,1625422859.36601,-1.0,Nogo
cue_go_nogo_visual,none,1625422863.8976243,-1.0,Nogo
cue_go_nogo_visual,none,1625422868.0812767,-1.0,Nogo
cue_go_nogo_visual,space,1625422872.3027773,0.3983578998595476,Nogo
test_type,key,timestamp_stim,time_stim_response,stim_type
cue_go_nogo_visual,space,1625422949.7594793,0.5454839000012726,Go
cue_go_nogo_visual,space,1625422953.7240036,0.41105760005302727,Go
cue_go_nogo_visual,space,1625422957.703655,0.3187460000626743,Go
cue_go_nogo_visual,space,1625422961.8664613,0.3613120000809431,Nogo
cue_go_nogo_visual,space,1625422966.2271895,0.3248939998447895,Nogo
cue_go_nogo_visual,none,1625422970.855531,-1.0,Nogo
cue_go_nogo_visual,none,1625422975.1808665,-1.0,Nogo
cue_go_nogo_visual,none,1625422979.7080188,-1.0,Nogo
cue_go_nogo_visual,space,1625422984.058872,0.45477489987388253,Go
cue_go_nogo_visual,none,1625422987.8710747,-1.0,Nogo
cue_go_nogo_visual,space,1625422992.27225,0.418072999920696,Go
cue_go_nogo_visual,space,1625422996.2242932,0.3536454001441598,Go
cue_go_nogo_visual,space,1625423000.163159,0.42401720001362264,Go
cue_go_nogo_visual,space,1625423004.930139,0.42968579987064004,Go
cue_go_nogo_visual,none,1625423009.6759984,-1.0,Nogo
cue_go_nogo_visual,space,1625423013.7818182,0.4530563000589609,Go
cue_go_nogo_visual,space,1625423018.493586,0.5059984000399709,Go
cue_go_nogo_visual,none,1625423022.9239116,-1.0,Nogo
cue_go_nogo_visual,space,1625423026.76358,0.5247017000801861,Go
cue_go_nogo_visual,space,1625423031.0408688,0.43485340010374784,Go
cue_go_nogo_visual,none,1625423035.461264,-1.0,Nogo
cue_go_nogo_visual,none,1625423039.320256,-1.0,Nogo
cue_go_nogo_visual,space,1625423043.9909892,0.6442444999702275,Go
cue_go_nogo_visual,space,1625423047.8713994,0.7695397001225501,Go
cue_go_nogo_visual,space,1625423052.427758,0.40714799985289574,Go
test_type,key,timestamp_stim,time_stim_response,stim_type
cue_go_nogo_visual,space,1625423130.292167,0.4200792999472469,Go
cue_go_nogo_visual,space,1625423134.1121588,0.36872090003453195,Go
cue_go_nogo_visual,space,1625423138.3651664,0.5530087999068201,Go
cue_go_nogo_visual,space,1625423143.0444431,0.32799750007689,Go
cue_go_nogo_visual,none,1625423147.728279,-1.0,Nogo
cue_go_nogo_visual,space,1625423151.730183,0.4280981000047177,Go
cue_go_nogo_visual,space,1625423155.6434014,0.43288490013219416,Go
cue_go_nogo_visual,space,1625423160.3618348,0.4814742999151349,Go
cue_go_nogo_visual,space,1625423164.8556721,0.4155200000386685,Go
cue_go_nogo_visual,space,1625423169.3943105,0.45551300002261996,Go
cue_go_nogo_visual,space,1625423173.798193,0.3843068000860512,Go
cue_go_nogo_visual,none,1625423178.5600379,-1.0,Nogo
cue_go_nogo_visual,space,1625423182.5516481,0.5088241999037564,Go
cue_go_nogo_visual,space,1625423186.972857,0.5952202000189573,Go
cue_go_nogo_visual,space,1625423191.2242103,0.38342450000345707,Go
cue_go_nogo_visual,none,1625423196.0253692,-1.0,Nogo
cue_go_nogo_visual,none,1625423200.1684773,-1.0,Nogo
cue_go_nogo_visual,space,1625423204.1656716,0.5467116001527756,Go
cue_go_nogo_visual,none,1625423208.3189359,-1.0,Nogo
cue_go_nogo_visual,space,1625423212.513646,0.433518199948594,Go
cue_go_nogo_visual,space,1625423216.6403522,0.6303604000713676,Go
cue_go_nogo_visual,space,1625423221.2916408,0.4428933998569846,Go
cue_go_nogo_visual,space,1625423225.221433,0.45303019997663796,Go
cue_go_nogo_visual,space,1625423229.8426385,0.4770239999052137,Go
cue_go_nogo_visual,none,1625423234.4307601,-1.0,Nogo
test_type,key,timestamp_stim,time_stim_response,stim_type
cue_go_nogo_visual,space,1625423312.3391588,0.8839328000321984,Go
cue_go_nogo_visual,none,1625423316.3108733,-1.0,Nogo
cue_go_nogo_visual,none,1625423320.4464455,-1.0,Nogo
cue_go_nogo_visual,none,1625423324.5116773,-1.0,Nogo
cue_go_nogo_visual,space,1625423328.5739205,0.5245991998817772,Go
cue_go_nogo_visual,none,1625423333.3448565,-1.0,Nogo
cue_go_nogo_visual,none,1625423337.8667686,-1.0,Nogo
cue_go_nogo_visual,space,1625423342.6566288,0.44978590006940067,Go
cue_go_nogo_visual,space,1625423346.7833686,0.4270347999408841,Go
cue_go_nogo_visual,none,1625423350.7679355,-1.0,Nogo
cue_go_nogo_visual,none,1625423354.7950006,-1.0,Nogo
cue_go_nogo_visual,none,1625423359.0304525,-1.0,Nogo
cue_go_nogo_visual,none,1625423362.922695,-1.0,Nogo
cue_go_nogo_visual,none,1625423366.8198853,-1.0,Nogo
cue_go_nogo_visual,none,1625423371.147681,-1.0,Nogo
cue_go_nogo_visual,none,1625423375.840021,-1.0,Nogo
cue_go_nogo_visual,none,1625423379.7535448,-1.0,Nogo
cue_go_nogo_visual,space,1625423383.8669515,0.5350609000306576,Go
cue_go_nogo_visual,space,1625423388.4217186,0.5633858002256602,Go
cue_go_nogo_visual,space,1625423392.929395,0.8182776998728514,Go
cue_go_nogo_visual,space,1625423397.6454062,0.5781779999379069,Go
cue_go_nogo_visual,space,1625423401.719652,0.4925932998303324,Go
cue_go_nogo_visual,none,1625423406.4949977,-1.0,Nogo
cue_go_nogo_visual,space,1625423410.4639652,0.5109043000265956,Go
cue_go_nogo_visual,space,1625423415.2532628,0.5549076001625508,Nogo
