{
    "params": {
        "study": "default",
        "session_type": "Cue Go/Nogo visual",
        "eeg_device": "EPOC X",
        "participant_id": "Blue-Dolphin",
        "group": "default",
        "age": "22",
        "comments": "right handed, female",
        "session_uuid": "673656e9-7738-45ad-9687-e8ef6a015cf1",
        "timestamp": "20210704-141125"
    },
    "data_file": {
        "EEG": "output/EEG/EPOCX/blue_dolphin_go_nogo_EPOCX_134323_2021.07.04T14.18.00.04.00.edf|output/EEG/EPOCX/blue_dolphin_go_nogo_EPOCX_134323_2021.07.04T14.18.00.04.00.json|output/EEG/EPOCX/blue_dolphin_go_nogo_EPOCX_134323_2021.07.04T14.18.00.04.00.md.edf|output/EEG/EPOCX/blue_dolphin_go_nogo_EPOCX_134323_2021.07.04T14.18.00.04.00_intervalMarker.csv",
        "keyboard": "output/keyboard/20210704-141125_default_Blue-Dolphin.csv"
    },
    "EEG_marks": {
        "EEG_markers": [
            {
                "name": "Cue Go/NoGo visual",
                "type": "task",
                "mark": 82
            },
            {
                "name": "Relax",
                "type": "task",
                "mark": 73
            },
            {
                "name": "Go",
                "type": "stimulus",
                "mark": 1
            },
            {
                "name": "NoGo",
                "type": "stimulus",
                "mark": 2
            },
            {
                "name": "Cue",
                "type": "stimulus",
                "mark": 3
            }
        ]
    },
    "task_log": [
        {
            "name": "image",
            "start": 1625422693.5212538,
            "end": 1625422698.7037945,
            "filename": "images/stroop_instructions_calmness_1min.png"
        },
        {
            "name": "audio",
            "start": 1625422698.7048147,
            "end": 1625422698.7657948,
            "filename": "audio/audio_2547fa5a12-1min.mp3"
        },
        {
            "name": "video",
            "start": 1625422698.7667937,
            "end": 1625422762.0841796,
            "filename": "video/Background-8788.mp4"
        },
        {
            "name": "text",
            "start": 1625422762.0841796,
            "end": 1625422767.1134
        },
        {
            "name": "cue_go_nogo_visual",
            "start": 1625422767.1134,
            "end": 1625422874.9717937
        },
        {
            "name": "image",
            "start": 1625422874.9717937,
            "end": 1625422880.1326368,
            "filename": "images/stroop_instructions_calmness_1min.png"
        },
        {
            "name": "audio",
            "start": 1625422880.1326368,
            "end": 1625422880.1903694,
            "filename": "audio/audio_2547fa5a12-1min.mp3"
        },
        {
            "name": "video",
            "start": 1625422880.1903694,
            "end": 1625422943.4719768,
            "filename": "video/Background-8788.mp4"
        },
        {
            "name": "text",
            "start": 1625422943.4719768,
            "end": 1625422948.5126781
        },
        {
            "name": "cue_go_nogo_visual",
            "start": 1625422948.5126781,
            "end": 1625423055.0867972
        },
        {
            "name": "image",
            "start": 1625423055.0867972,
            "end": 1625423060.248635,
            "filename": "images/stroop_instructions_calmness_1min.png"
        },
        {
            "name": "audio",
            "start": 1625423060.248635,
            "end": 1625423060.301932,
            "filename": "audio/audio_2547fa5a12-1min.mp3"
        },
        {
            "name": "video",
            "start": 1625423060.301932,
            "end": 1625423123.5111334,
            "filename": "video/Background-8788.mp4"
        },
        {
            "name": "text",
            "start": 1625423123.5111334,
            "end": 1625423128.5514455
        },
        {
            "name": "cue_go_nogo_visual",
            "start": 1625423128.5514455,
            "end": 1625423237.0897899
        },
        {
            "name": "image",
            "start": 1625423237.0897899,
            "end": 1625423242.2552135,
            "filename": "images/stroop_instructions_calmness_1min.png"
        },
        {
            "name": "audio",
            "start": 1625423242.2552135,
            "end": 1625423242.310215,
            "filename": "audio/audio_2547fa5a12-1min.mp3"
        },
        {
            "name": "video",
            "start": 1625423242.310215,
            "end": 1625423305.4334006,
            "filename": "video/Background-8788.mp4"
        },
        {
            "name": "text",
            "start": 1625423305.434401,
            "end": 1625423310.4688432
        },
        {
            "name": "cue_go_nogo_visual",
            "start": 1625423310.4688432,
            "end": 1625423417.9112556
        }
    ]
}