type,key,timestamp,time_delay,word_color,word_text,timestamp_stim
concordant,none,,-1,red,red,1627051976.155139
concordant,none,,-1,green,green,1627051978.1841393
concordant,none,,-1,yellow,yellow,1627051980.218137
concordant,none,,-1,green,green,1627051982.230138
concordant,none,,-1,red,red,1627051984.2481449
concordant,none,,-1,yellow,yellow,1627051986.263137
concordant,none,,-1,green,green,1627051988.2751372
concordant,none,,-1,yellow,yellow,1627051990.287138
concordant,none,,-1,red,red,1627051992.300145
concordant,none,,-1,yellow,yellow,1627051994.3201394
concordant,none,,-1,red,red,1627051996.3331401
concordant,none,,-1,yellow,yellow,1627051998.3461375
concordant,none,,-1,green,green,1627052000.361138
concordant,none,,-1,yellow,yellow,1627052002.3741362
concordant,none,,-1,green,green,1627052004.3891392
concordant,none,,-1,red,red,1627052006.4041367
concordant,none,,-1,green,green,1627052008.422136
concordant,none,,-1,red,red,1627052010.4371407
concordant,none,,-1,green,green,1627052012.4551373
concordant,none,,-1,red,red,1627052014.4711373
concordant,none,,-1,yellow,yellow,1627052016.4891353
concordant,none,,-1,red,red,1627052018.5041397
concordant,none,,-1,green,green,1627052020.516139
concordant,none,,-1,yellow,yellow,1627052022.5381398
concordant,none,,-1,green,green,1627052024.5551376
type,key,timestamp,time_delay,word_color,word_text,timestamp_stim
discordant,none,,-1,yellow,red,1627052108.3138533
discordant,none,,-1,red,yellow,1627052110.3458514
discordant,none,,-1,green,red,1627052112.3588526
discordant,none,,-1,yellow,green,1627052114.3848526
discordant,none,,-1,red,yellow,1627052116.3988514
discordant,none,,-1,yellow,green,1627052118.411858
discordant,none,,-1,red,yellow,1627052120.4258544
discordant,none,,-1,yellow,green,1627052122.4478562
discordant,none,,-1,red,yellow,1627052124.4648526
discordant,none,,-1,yellow,red,1627052126.4798515
discordant,none,,-1,green,yellow,1627052128.4938555
discordant,none,,-1,red,green,1627052130.5048528
discordant,none,,-1,yellow,red,1627052132.5168521
discordant,none,,-1,green,yellow,1627052134.5338535
discordant,none,,-1,red,green,1627052136.5498507
discordant,none,,-1,green,red,1627052138.5658588
discordant,none,,-1,yellow,green,1627052140.5808513
discordant,none,,-1,green,red,1627052142.5978525
discordant,none,,-1,yellow,green,1627052144.6128523
discordant,none,,-1,red,yellow,1627052146.6258523
discordant,none,,-1,green,red,1627052148.6388526
discordant,none,,-1,red,green,1627052150.6538515
discordant,none,,-1,green,red,1627052152.6678529
discordant,none,,-1,yellow,green,1627052154.6838524
discordant,none,,-1,green,yellow,1627052156.697852
type,key,timestamp,time_delay,word_color,word_text,timestamp_stim
concordant,none,,-1,green,green,1627052240.4321527
concordant,none,,-1,red,red,1627052242.4521506
concordant,none,,-1,green,green,1627052244.4671566
concordant,none,,-1,yellow,yellow,1627052246.5051546
concordant,none,,-1,red,red,1627052248.5201526
concordant,none,,-1,yellow,yellow,1627052250.533151
concordant,none,,-1,green,green,1627052252.5491529
concordant,none,,-1,yellow,yellow,1627052254.563162
concordant,none,,-1,green,green,1627052256.5751514
concordant,none,,-1,yellow,yellow,1627052258.5901558
concordant,none,,-1,green,green,1627052260.6061547
concordant,none,,-1,red,red,1627052262.623151
concordant,none,,-1,yellow,yellow,1627052264.6351519
concordant,none,,-1,red,red,1627052266.6491513
concordant,none,,-1,green,green,1627052268.6661522
concordant,none,,-1,yellow,yellow,1627052270.6841514
concordant,none,,-1,red,red,1627052272.6961534
concordant,none,,-1,yellow,yellow,1627052274.7121515
concordant,none,,-1,red,red,1627052276.7281513
concordant,none,,-1,green,green,1627052278.7451515
concordant,none,,-1,red,red,1627052280.763153
concordant,none,,-1,green,green,1627052282.781151
concordant,none,,-1,yellow,yellow,1627052284.7951539
concordant,none,,-1,red,red,1627052286.811153
concordant,none,,-1,yellow,yellow,1627052288.8281658
type,key,timestamp,time_delay,word_color,word_text,timestamp_stim
discordant,none,,-1,yellow,red,1627052372.534601
discordant,none,,-1,red,green,1627052374.559607
discordant,none,,-1,green,yellow,1627052376.5906048
discordant,none,,-1,yellow,green,1627052378.6015995
discordant,none,,-1,green,yellow,1627052380.6146014
discordant,none,,-1,yellow,green,1627052382.6276014
discordant,none,,-1,red,yellow,1627052384.6416035
discordant,none,,-1,yellow,green,1627052386.6565988
discordant,none,,-1,red,yellow,1627052388.6716022
discordant,none,,-1,yellow,red,1627052390.687599
discordant,none,,-1,green,yellow,1627052392.7036014
discordant,none,,-1,yellow,green,1627052394.7206
discordant,none,,-1,red,yellow,1627052396.7366014
discordant,none,,-1,yellow,green,1627052398.7536054
discordant,none,,-1,green,red,1627052400.7676005
discordant,none,,-1,red,green,1627052402.7846017
discordant,none,,-1,green,yellow,1627052404.8055992
discordant,none,,-1,red,green,1627052406.820601
discordant,none,,-1,yellow,red,1627052408.8355987
discordant,none,,-1,red,green,1627052410.8476038
discordant,none,,-1,green,yellow,1627052412.8586018
discordant,none,,-1,red,green,1627052414.8726022
discordant,none,,-1,yellow,red,1627052416.8856034
discordant,none,,-1,red,green,1627052418.8978343
discordant,none,,-1,yellow,red,1627052420.9122639
