{
    "params": {
        "study": "default",
        "session_type": "Stroop_speech",
        "eeg_device": "EPOC X",
        "participant_id": "black-goose",
        "group": "default",
        "age": "30",
        "comments": "",
        "session_uuid": "e69d0279-1020-448e-bfbc-2e0a596718b9",
        "timestamp": "20210723-105026"
    },
    "data_file": {
        "audio": "output/audio/20210723-105026_default_black-goose.wav",
        "EEG": "output/EEG/EPOCX/speech black goose_EPOCX_120482_2021.07.23T10.51.20.04.00.csv|output/EEG/EPOCX/speech black goose_EPOCX_120482_2021.07.23T10.51.20.04.00.edf|output/EEG/EPOCX/speech black goose_EPOCX_120482_2021.07.23T10.51.20.04.00.json|output/EEG/EPOCX/speech black goose_EPOCX_120482_2021.07.23T10.51.20.04.00.mdedf",
        "keyboard": "output/keyboard/20210723-105026_default_black-goose.csv"
    },
    "EEG_marks": {
        "EEG_markers": [
            {
                "name": "Stroop test",
                "type": "task",
                "mark": 80
            },
            {
                "name": "Relax",
                "type": "task",
                "mark": 73
            },
            {
                "name": "Concordant",
                "type": "stimulus",
                "mark": 1
            },
            {
                "name": "Discordant",
                "type": "stimulus",
                "mark": 2
            }
        ]
    },
    "task_log": [
        {
            "name": "text",
            "start": 1627051894.2683804,
            "end": 1627051899.288378
        },
        {
            "name": "audio",
            "start": 1627051899.288378,
            "end": 1627051899.3563805,
            "filename": "audio/audio_2547fa5a12-1min.mp3"
        },
        {
            "name": "video",
            "start": 1627051899.3563805,
            "end": 1627051963.171699,
            "filename": "video/Background-8788.mp4"
        },
        {
            "name": "image",
            "start": 1627051963.171699,
            "end": 1627051973.3556986,
            "filename": "images/stroop_instructions_speak.png"
        },
        {
            "name": "audio",
            "start": 1627051973.3556986,
            "end": 1627051976.068139,
            "filename": "audio/voice_speak_your_answers.mp3"
        },
        {
            "name": "stroop",
            "start": 1627051976.068139,
            "end": 1627052026.5661361
        },
        {
            "name": "text",
            "start": 1627052026.5661361,
            "end": 1627052031.5991373
        },
        {
            "name": "audio",
            "start": 1627052031.5991373,
            "end": 1627052031.6621392,
            "filename": "audio/audio_2547fa5a12-1min.mp3"
        },
        {
            "name": "video",
            "start": 1627052031.6621392,
            "end": 1627052095.3756888,
            "filename": "video/Background-8788.mp4"
        },
        {
            "name": "image",
            "start": 1627052095.3756888,
            "end": 1627052105.5416863,
            "filename": "images/stroop_instructions_speak.png"
        },
        {
            "name": "audio",
            "start": 1627052105.5416863,
            "end": 1627052108.2348573,
            "filename": "audio/voice_speak_your_answers.mp3"
        },
        {
            "name": "stroop",
            "start": 1627052108.2348573,
            "end": 1627052158.7128546
        },
        {
            "name": "text",
            "start": 1627052158.7128546,
            "end": 1627052163.7458534
        },
        {
            "name": "audio",
            "start": 1627052163.7458534,
            "end": 1627052163.8018546,
            "filename": "audio/audio_2547fa5a12-1min.mp3"
        },
        {
            "name": "video",
            "start": 1627052163.8018546,
            "end": 1627052227.4988577,
            "filename": "video/Background-8788.mp4"
        },
        {
            "name": "image",
            "start": 1627052227.4988577,
            "end": 1627052237.6658514,
            "filename": "images/stroop_instructions_speak.png"
        },
        {
            "name": "audio",
            "start": 1627052237.6668553,
            "end": 1627052240.348155,
            "filename": "audio/voice_speak_your_answers.mp3"
        },
        {
            "name": "stroop",
            "start": 1627052240.348155,
            "end": 1627052290.8441722
        },
        {
            "name": "text",
            "start": 1627052290.8441722,
            "end": 1627052295.885152
        },
        {
            "name": "audio",
            "start": 1627052295.885152,
            "end": 1627052295.938154,
            "filename": "audio/audio_2547fa5a12-1min.mp3"
        },
        {
            "name": "video",
            "start": 1627052295.938154,
            "end": 1627052359.6062825,
            "filename": "video/Background-8788.mp4"
        },
        {
            "name": "image",
            "start": 1627052359.6062825,
            "end": 1627052369.770283,
            "filename": "images/stroop_instructions_speak.png"
        },
        {
            "name": "audio",
            "start": 1627052369.770283,
            "end": 1627052372.454599,
            "filename": "audio/voice_speak_your_answers.mp3"
        },
        {
            "name": "stroop",
            "start": 1627052372.454599,
            "end": 1627052422.921979
        }
    ]
}