type,key,timestamp,time_delay,word_color,word_text,timestamp_stim
concordant,none,,-1,yellow,yellow,1626454108.9488666
concordant,left,,0.7524742999958107,red,red,1626454110.9684334
concordant,up,,0.6728306000004523,green,green,1626454112.988389
concordant,right,,0.860149599990109,red,red,1626454115.001056
concordant,up,,0.7271158000075957,yellow,yellow,1626454117.0132706
concordant,none,,-1,green,green,1626454119.026601
concordant,none,,-1,yellow,yellow,1626454121.0382679
concordant,none,,-1,green,green,1626454123.0559034
concordant,up,,0.9162120999972103,yellow,yellow,1626454125.0669887
concordant,right,,0.3209558999951696,red,red,1626454127.080988
concordant,up,,1.1516453999938676,yellow,yellow,1626454129.0955355
concordant,right,,0.5363246000051731,red,red,1626454131.1078327
concordant,left,,0.5678844000067329,green,green,1626454133.1178632
concordant,up,,0.6194375000050059,yellow,yellow,1626454135.1301706
concordant,right,,0.45540279999841005,red,red,1626454137.1417158
concordant,up,,1.0311019999935525,yellow,yellow,1626454139.152714
concordant,left,,0.5867043000034755,green,green,1626454141.1647472
concordant,up,,0.4793751999968663,yellow,yellow,1626454143.1784563
concordant,right,,0.3604408999963198,red,red,1626454145.1923087
concordant,left,,0.6736006999999518,green,green,1626454147.2028549
concordant,up,,0.4659118999989005,yellow,yellow,1626454149.2140718
concordant,left,,1.0203265000018291,green,green,1626454151.225548
concordant,up,,0.4727218000043649,yellow,yellow,1626454153.2389266
concordant,left,,0.7962436000088928,green,green,1626454155.2507455
concordant,right,,0.5441090000094846,red,red,1626454157.263081
type,key,timestamp,time_delay,word_color,word_text,timestamp_stim
discordant,none,,-1,red,green,1626454241.9758437
discordant,down,,1.4304050000064308,yellow,red,1626454243.9894042
discordant,none,,-1,red,yellow,1626454246.0089843
discordant,left,,0.8236056000023382,yellow,green,1626454248.0209477
discordant,left,,0.7981761999981245,green,red,1626454250.0309453
discordant,down,,0.9331855999917025,yellow,green,1626454252.044477
discordant,none,,-1,green,yellow,1626454254.0608685
discordant,none,,-1,red,green,1626454256.0726154
discordant,left,,0.9591464999975869,green,red,1626454258.0840938
discordant,right,,0.5770123999973293,yellow,green,1626454260.0952978
discordant,down,,0.5828206000005594,green,yellow,1626454262.10766
discordant,none,,-1,yellow,green,1626454264.1213877
discordant,none,,-1,red,yellow,1626454266.1324577
discordant,none,,-1,green,red,1626454268.1446114
discordant,down,,1.24564759999339,red,yellow,1626454270.1651046
discordant,right,,0.505634100001771,yellow,red,1626454272.1781046
discordant,left,,1.4953689999965718,green,yellow,1626454274.1907418
discordant,none,,-1,red,green,1626454276.2057397
discordant,right,,0.1573835000017425,green,yellow,1626454278.21974
discordant,none,,-1,yellow,red,1626454280.233688
discordant,left,,1.2923026000062237,green,yellow,1626454282.2437377
discordant,left,,1.089177900008508,red,green,1626454284.2547705
discordant,none,,-1,green,red,1626454286.2689254
discordant,down,,1.1648786000005202,yellow,green,1626454288.2835593
discordant,none,,-1,green,yellow,1626454290.2953558
type,key,timestamp,time_delay,word_color,word_text,timestamp_stim
concordant,down,,0.9935322999954224,yellow,yellow,1626454369.83941
concordant,left,,0.6537354000029154,green,green,1626454371.8539288
concordant,down,,0.9693087999912677,yellow,yellow,1626454373.8648164
concordant,none,,-1.0,green,green,1626454375.875606
concordant,right,,0.3211411000083899,red,red,1626454377.8870673
concordant,down,,0.8190465999941807,yellow,yellow,1626454379.905356
concordant,right,,0.5814297000033548,red,red,1626454381.9184737
concordant,down,,0.5695452000072692,yellow,yellow,1626454383.9300952
concordant,right,,0.5514057999971556,red,red,1626454385.941737
concordant,down,,0.3811093000113033,yellow,yellow,1626454387.952999
concordant,right,,0.48236910000559874,red,red,1626454389.9639895
concordant,left,,0.5331607999978587,green,green,1626454391.974747
concordant,right,,0.5235694000002695,red,red,1626454393.986745
concordant,down,,0.3210445000004256,yellow,yellow,1626454395.997745
concordant,left,,0.6466172999935225,green,green,1626454398.0099218
concordant,down,,0.34126230000401847,yellow,yellow,1626454400.0244546
concordant,right,,0.4805725999904098,red,red,1626454402.0366004
concordant,down,,0.5377824000024702,yellow,yellow,1626454404.04864
concordant,left,,0.7740392999985488,green,green,1626454406.0594904
concordant,right,,0.2922365999984322,red,red,1626454408.0700195
concordant,down,,0.6674316999997245,yellow,yellow,1626454410.084395
concordant,left,,0.49652150001202244,green,green,1626454412.1013792
concordant,down,,0.464453799999319,yellow,yellow,1626454414.1120846
concordant,left,,0.4849323000089498,green,green,1626454416.1233869
concordant,right,,0.3434051999938674,red,red,1626454418.1348875
type,key,timestamp,time_delay,word_color,word_text,timestamp_stim
discordant,down,,1.484955500010983,yellow,green,1626454497.7786148
discordant,right,,0.8593849000026239,green,red,1626454499.7928364
discordant,left,,0.9945012000098359,red,green,1626454501.8048365
discordant,down,,0.8465369999903487,yellow,red,1626454503.8178396
discordant,left,,0.8005956999986665,red,yellow,1626454505.8276722
discordant,left,,0.8985676000011154,green,red,1626454507.845671
discordant,down,,0.8697154999972554,yellow,green,1626454509.8568935
discordant,left,,0.9890478000015719,green,red,1626454511.8688915
discordant,down,,1.0112560000125086,yellow,green,1626454513.8796308
discordant,left,,1.0250053999916418,green,red,1626454515.8908708
discordant,right,,0.4932881999993697,red,green,1626454517.9022815
discordant,down,,1.0516362999915145,yellow,red,1626454519.9133723
discordant,left,,0.5464046000124654,green,yellow,1626454521.9244685
discordant,down,,1.0666976000065915,yellow,red,1626454523.9352443
discordant,left,,0.737495499997749,green,yellow,1626454525.9514112
discordant,down,,1.2459024999989197,yellow,red,1626454527.9645774
discordant,left,,0.8892754000116838,green,yellow,1626454529.976685
discordant,right,,0.8995895999978529,red,green,1626454531.986942
discordant,down,,0.6862218999885954,yellow,red,1626454533.9970944
discordant,left,,0.9846696000022348,red,green,1626454536.008307
discordant,left,,1.281083599998965,green,yellow,1626454538.0215838
discordant,down,,0.7670466999989003,yellow,green,1626454540.0319626
discordant,right,,0.7944200000056298,red,yellow,1626454542.043898
discordant,left,,1.3135087999980897,green,red,1626454544.0564442
discordant,down,,0.8630998000007821,yellow,green,1626454546.0725102
