type,key,timestamp,time_delay,word_color,word_text,timestamp_stim
concordant,none,,-1,yellow,yellow,1626889664.8143106
concordant,none,,-1,red,red,1626889666.8453133
concordant,none,,-1,green,green,1626889668.8713112
concordant,none,,-1,red,red,1626889670.8833122
concordant,none,,-1,green,green,1626889672.901317
concordant,none,,-1,yellow,yellow,1626889674.9203107
concordant,none,,-1,green,green,1626889676.9453166
concordant,none,,-1,red,red,1626889678.962313
concordant,none,,-1,green,green,1626889680.9833097
concordant,none,,-1,red,red,1626889682.9993105
concordant,none,,-1,green,green,1626889685.0193117
concordant,none,,-1,yellow,yellow,1626889687.0333095
concordant,none,,-1,red,red,1626889689.0573127
concordant,none,,-1,yellow,yellow,1626889691.07431
concordant,none,,-1,red,red,1626889693.0873156
concordant,none,,-1,yellow,yellow,1626889695.1043165
concordant,none,,-1,red,red,1626889697.119311
concordant,none,,-1,green,green,1626889699.1353116
concordant,none,,-1,yellow,yellow,1626889701.1503143
concordant,none,,-1,green,green,1626889703.1663115
concordant,none,,-1,yellow,yellow,1626889705.1833162
concordant,none,,-1,red,red,1626889707.2013128
concordant,none,,-1,green,green,1626889709.220315
concordant,none,,-1,red,red,1626889711.241312
concordant,none,,-1,yellow,yellow,1626889713.257312
type,key,timestamp,time_delay,word_color,word_text,timestamp_stim
discordant,none,,-1,yellow,green,1626889797.094673
discordant,none,,-1,green,yellow,1626889799.1236732
discordant,none,,-1,yellow,red,1626889801.1506698
discordant,none,,-1,green,yellow,1626889803.1676714
discordant,none,,-1,yellow,red,1626889805.1846762
discordant,none,,-1,green,yellow,1626889807.2006745
discordant,none,,-1,red,green,1626889809.2156713
discordant,none,,-1,green,red,1626889811.231675
discordant,none,,-1,yellow,green,1626889813.2446742
discordant,none,,-1,red,yellow,1626889815.2596745
discordant,none,,-1,yellow,red,1626889817.2769303
discordant,none,,-1,green,yellow,1626889819.2929306
discordant,none,,-1,yellow,red,1626889821.3089297
discordant,none,,-1,red,yellow,1626889823.3269317
discordant,none,,-1,yellow,green,1626889825.3389318
discordant,none,,-1,red,yellow,1626889827.359933
discordant,none,,-1,yellow,green,1626889829.3739297
discordant,none,,-1,red,yellow,1626889831.3889313
discordant,none,,-1,green,red,1626889833.4039333
discordant,none,,-1,yellow,green,1626889835.4209294
discordant,none,,-1,red,yellow,1626889837.4379313
discordant,none,,-1,green,red,1626889839.4549313
discordant,none,,-1,red,yellow,1626889841.4725187
discordant,none,,-1,green,red,1626889843.492516
discordant,none,,-1,red,green,1626889845.5085204
type,key,timestamp,time_delay,word_color,word_text,timestamp_stim
concordant,none,,-1,green,green,1626889929.2610397
concordant,none,,-1,red,red,1626889931.2850394
concordant,none,,-1,yellow,yellow,1626889933.3220406
concordant,none,,-1,green,green,1626889935.3370361
concordant,none,,-1,yellow,yellow,1626889937.3520386
concordant,none,,-1,green,green,1626889939.36704
concordant,none,,-1,yellow,yellow,1626889941.384037
concordant,none,,-1,red,red,1626889943.4000404
concordant,none,,-1,green,green,1626889945.4160378
concordant,none,,-1,red,red,1626889947.4300394
concordant,none,,-1,green,green,1626889949.444041
concordant,none,,-1,yellow,yellow,1626889951.4660382
concordant,none,,-1,red,red,1626889953.4780383
concordant,none,,-1,yellow,yellow,1626889955.492039
concordant,none,,-1,red,red,1626889957.5040374
concordant,none,,-1,green,green,1626889959.5220397
concordant,none,,-1,red,red,1626889961.5390372
concordant,none,,-1,green,green,1626889963.5540388
concordant,none,,-1,red,red,1626889965.582041
concordant,none,,-1,green,green,1626889967.594037
concordant,none,,-1,yellow,yellow,1626889969.6110387
concordant,none,,-1,green,green,1626889971.6381145
concordant,none,,-1,red,red,1626889973.65011
concordant,none,,-1,yellow,yellow,1626889975.665111
concordant,none,,-1,green,green,1626889977.6801133
type,key,timestamp,time_delay,word_color,word_text,timestamp_stim
discordant,none,,-1,yellow,green,1626890061.4310021
discordant,none,,-1,green,red,1626890063.457001
discordant,none,,-1,red,yellow,1626890065.4930043
discordant,none,,-1,yellow,green,1626890067.5180025
discordant,none,,-1,green,yellow,1626890069.5300024
discordant,none,,-1,red,green,1626890071.5470023
discordant,none,,-1,green,yellow,1626890073.5690043
discordant,none,,-1,red,green,1626890075.589002
discordant,none,,-1,green,yellow,1626890077.6050053
discordant,none,,-1,red,green,1626890079.6220016
discordant,none,,-1,green,red,1626890081.6410043
discordant,none,,-1,yellow,green,1626890083.6580045
discordant,none,,-1,green,red,1626890085.6739995
discordant,none,,-1,yellow,green,1626890087.6870022
discordant,none,,-1,red,yellow,1626890089.7029994
discordant,none,,-1,yellow,red,1626890091.720001
discordant,none,,-1,red,green,1626890093.733009
discordant,none,,-1,green,red,1626890095.746002
discordant,none,,-1,yellow,green,1626890097.7640014
discordant,none,,-1,red,yellow,1626890099.7790077
discordant,none,,-1,green,red,1626890101.8050013
discordant,none,,-1,yellow,green,1626890103.8210034
discordant,none,,-1,red,yellow,1626890105.8350017
discordant,none,,-1,yellow,green,1626890107.8472948
discordant,none,,-1,red,yellow,1626890109.859235
