{
    "params": {
        "study": "default",
        "session_type": "Stroop_speech",
        "eeg_device": "EPOC X",
        "participant_id": "red-fish",
        "group": "default",
        "age": "18",
        "comments": "",
        "session_uuid": "bcffb481-be27-4ead-9424-ff80718da509",
        "timestamp": "20210721-134532"
    },
    "data_file": {
        "audio": "output/audio/20210721-134532_default_red-fish.wav",
        "EEG": "output/EEG/EPOCX/red fish stroop test speech_EPOCX_120482_2021.07.21T13.46.11.04.00.csv|output/EEG/EPOCX/red fish stroop test speech_EPOCX_120482_2021.07.21T13.46.11.04.00.edf|output/EEG/EPOCX/red fish stroop test speech_EPOCX_120482_2021.07.21T13.46.11.04.00.json|output/EEG/EPOCX/red fish stroop test speech_EPOCX_120482_2021.07.21T13.46.11.04.00.mdedf",
        "keyboard": "output/keyboard/20210721-134532_default_red-fish.csv"
    },
    "EEG_marks": {
        "EEG_markers": [
            {
                "name": "Stroop test",
                "type": "task",
                "mark": 80
            },
            {
                "name": "Relax",
                "type": "task",
                "mark": 73
            },
            {
                "name": "Concordant",
                "type": "stimulus",
                "mark": 1
            },
            {
                "name": "Discordant",
                "type": "stimulus",
                "mark": 2
            }
        ]
    },
    "task_log": [
        {
            "name": "text",
            "start": 1626889583.0275998,
            "end": 1626889588.0545626
        },
        {
            "name": "audio",
            "start": 1626889588.0545626,
            "end": 1626889588.1245644,
            "filename": "audio/audio_2547fa5a12-1min.mp3"
        },
        {
            "name": "video",
            "start": 1626889588.1245644,
            "end": 1626889651.8533125,
            "filename": "video/Background-8788.mp4"
        },
        {
            "name": "image",
            "start": 1626889651.8533125,
            "end": 1626889662.0273108,
            "filename": "images/stroop_instructions_speak.png"
        },
        {
            "name": "audio",
            "start": 1626889662.0273108,
            "end": 1626889664.721312,
            "filename": "audio/voice_speak_your_answers.mp3"
        },
        {
            "name": "stroop",
            "start": 1626889664.721312,
            "end": 1626889715.2693179
        },
        {
            "name": "text",
            "start": 1626889715.2693179,
            "end": 1626889720.2993133
        },
        {
            "name": "audio",
            "start": 1626889720.2993133,
            "end": 1626889720.355313,
            "filename": "audio/audio_2547fa5a12-1min.mp3"
        },
        {
            "name": "video",
            "start": 1626889720.355313,
            "end": 1626889784.1118307,
            "filename": "video/Background-8788.mp4"
        },
        {
            "name": "image",
            "start": 1626889784.1118307,
            "end": 1626889794.3118346,
            "filename": "images/stroop_instructions_speak.png"
        },
        {
            "name": "audio",
            "start": 1626889794.3118346,
            "end": 1626889797.0026734,
            "filename": "audio/voice_speak_your_answers.mp3"
        },
        {
            "name": "stroop",
            "start": 1626889797.0026734,
            "end": 1626889847.5205219
        },
        {
            "name": "text",
            "start": 1626889847.5205219,
            "end": 1626889852.5685225
        },
        {
            "name": "audio",
            "start": 1626889852.5685225,
            "end": 1626889852.6335216,
            "filename": "audio/audio_2547fa5a12-1min.mp3"
        },
        {
            "name": "video",
            "start": 1626889852.6335216,
            "end": 1626889916.3040402,
            "filename": "video/Background-8788.mp4"
        },
        {
            "name": "image",
            "start": 1626889916.3040402,
            "end": 1626889926.47804,
            "filename": "images/stroop_instructions_speak.png"
        },
        {
            "name": "audio",
            "start": 1626889926.47804,
            "end": 1626889929.1730402,
            "filename": "audio/voice_speak_your_answers.mp3"
        },
        {
            "name": "stroop",
            "start": 1626889929.1730402,
            "end": 1626889979.6981122
        },
        {
            "name": "text",
            "start": 1626889979.6981122,
            "end": 1626889984.7351112
        },
        {
            "name": "audio",
            "start": 1626889984.7351112,
            "end": 1626889984.7871108,
            "filename": "audio/audio_2547fa5a12-1min.mp3"
        },
        {
            "name": "video",
            "start": 1626889984.7871108,
            "end": 1626890048.4748135,
            "filename": "video/Background-8788.mp4"
        },
        {
            "name": "image",
            "start": 1626890048.4748135,
            "end": 1626890058.6568136,
            "filename": "images/stroop_instructions_speak.png"
        },
        {
            "name": "audio",
            "start": 1626890058.6568136,
            "end": 1626890061.3429987,
            "filename": "audio/voice_speak_your_answers.mp3"
        },
        {
            "name": "stroop",
            "start": 1626890061.3429987,
            "end": 1626890111.870683
        }
    ]
}