type,key,timestamp,time_delay,word_color,word_text,timestamp_stim
concordant,none,,-1,yellow,yellow,1626317146.827973
concordant,none,,-1,red,red,1626317148.8489695
concordant,none,,-1,green,green,1626317150.8709695
concordant,none,,-1,red,red,1626317152.887969
concordant,none,,-1,green,green,1626317154.9019713
concordant,none,,-1,yellow,yellow,1626317156.9149706
concordant,none,,-1,green,green,1626317158.9299674
concordant,none,,-1,yellow,yellow,1626317160.9459717
concordant,none,,-1,green,green,1626317162.9589725
concordant,none,,-1,red,red,1626317164.9719684
concordant,none,,-1,yellow,yellow,1626317166.9819694
concordant,none,,-1,green,green,1626317168.9989684
concordant,none,,-1,yellow,yellow,1626317171.0129693
concordant,none,,-1,red,red,1626317173.028968
concordant,none,,-1,green,green,1626317175.0449696
concordant,none,,-1,yellow,yellow,1626317177.0599687
concordant,none,,-1,green,green,1626317179.0739713
concordant,none,,-1,yellow,yellow,1626317181.08697
concordant,none,,-1,red,red,1626317183.0989714
concordant,none,,-1,yellow,yellow,1626317185.1129682
concordant,none,,-1,red,red,1626317187.1259692
concordant,none,,-1,green,green,1626317189.14197
concordant,none,,-1,red,red,1626317191.1599693
concordant,none,,-1,yellow,yellow,1626317193.1789722
concordant,none,,-1,red,red,1626317195.19497
type,key,timestamp,time_delay,word_color,word_text,timestamp_stim
discordant,none,,-1,green,red,1626317279.0134234
discordant,none,,-1,red,yellow,1626317281.049424
discordant,none,,-1,green,red,1626317283.0624223
discordant,none,,-1,red,yellow,1626317285.0764256
discordant,none,,-1,green,red,1626317287.090422
discordant,none,,-1,yellow,green,1626317289.1174226
discordant,none,,-1,green,red,1626317291.1364224
discordant,none,,-1,red,yellow,1626317293.1484215
discordant,none,,-1,green,red,1626317295.1614237
discordant,none,,-1,red,green,1626317297.1794205
discordant,none,,-1,green,red,1626317299.193421
discordant,none,,-1,red,yellow,1626317301.2074227
discordant,none,,-1,yellow,green,1626317303.2264237
discordant,none,,-1,green,red,1626317305.2444217
discordant,none,,-1,yellow,green,1626317307.2574224
discordant,none,,-1,green,yellow,1626317309.2694225
discordant,none,,-1,yellow,red,1626317311.284422
discordant,none,,-1,green,yellow,1626317313.3004208
discordant,none,,-1,yellow,red,1626317315.3154225
discordant,none,,-1,red,yellow,1626317317.3264217
discordant,none,,-1,yellow,red,1626317319.3444204
discordant,none,,-1,green,yellow,1626317321.3614233
discordant,none,,-1,red,green,1626317323.3744204
discordant,none,,-1,yellow,red,1626317325.3914208
discordant,none,,-1,red,green,1626317327.408423
type,key,timestamp,time_delay,word_color,word_text,timestamp_stim
concordant,none,,-1,green,green,1626317411.161909
concordant,none,,-1,red,red,1626317413.1819077
concordant,none,,-1,green,green,1626317415.1949084
concordant,none,,-1,yellow,yellow,1626317417.218912
concordant,none,,-1,green,green,1626317419.2339222
concordant,none,,-1,yellow,yellow,1626317421.2509084
concordant,none,,-1,red,red,1626317423.2659054
concordant,none,,-1,yellow,yellow,1626317425.282908
concordant,none,,-1,red,red,1626317427.2979083
concordant,none,,-1,yellow,yellow,1626317429.3149095
concordant,none,,-1,red,red,1626317431.326907
concordant,none,,-1,yellow,yellow,1626317433.3449206
concordant,none,,-1,red,red,1626317435.3619118
concordant,none,,-1,yellow,yellow,1626317437.3759074
concordant,none,,-1,red,red,1626317439.3889074
concordant,none,,-1,yellow,yellow,1626317441.4039114
concordant,none,,-1,red,red,1626317443.4189131
concordant,none,,-1,yellow,yellow,1626317445.4339113
concordant,none,,-1,red,red,1626317447.4519076
concordant,none,,-1,yellow,yellow,1626317449.4689076
concordant,none,,-1,red,red,1626317451.4849098
concordant,none,,-1,green,green,1626317453.4979072
concordant,none,,-1,yellow,yellow,1626317455.5109081
concordant,none,,-1,green,green,1626317457.5299108
concordant,none,,-1,red,red,1626317459.542911
type,key,timestamp,time_delay,word_color,word_text,timestamp_stim
discordant,none,,-1,green,red,1626317543.300936
discordant,none,,-1,yellow,green,1626317545.3259394
discordant,none,,-1,green,yellow,1626317547.3549373
discordant,none,,-1,yellow,red,1626317549.366936
discordant,none,,-1,green,yellow,1626317551.3819382
discordant,none,,-1,red,green,1626317553.3999352
discordant,none,,-1,green,yellow,1626317555.4169378
discordant,none,,-1,red,green,1626317557.4319365
discordant,none,,-1,yellow,red,1626317559.443937
discordant,none,,-1,red,yellow,1626317561.460939
discordant,none,,-1,yellow,green,1626317563.4809356
discordant,none,,-1,green,yellow,1626317565.4949358
discordant,none,,-1,red,green,1626317567.5099354
discordant,none,,-1,yellow,red,1626317569.530943
discordant,none,,-1,red,green,1626317571.543934
discordant,none,,-1,green,yellow,1626317573.558934
discordant,none,,-1,yellow,green,1626317575.5779371
discordant,none,,-1,green,red,1626317577.593936
discordant,none,,-1,yellow,green,1626317579.603939
discordant,none,,-1,green,red,1626317581.6209362
discordant,none,,-1,yellow,green,1626317583.635939
discordant,none,,-1,green,red,1626317585.6559348
discordant,none,,-1,red,yellow,1626317587.6679358
discordant,none,,-1,green,red,1626317589.682247
discordant,none,,-1,red,yellow,1626317591.6974869
