{
    "params": {
        "study": "default",
        "session_type": "Stroop_speech",
        "eeg_device": "EPOC X",
        "participant_id": "Purple-Bear",
        "group": "default",
        "age": "53",
        "comments": "right-handed male",
        "session_uuid": "9db84b39-87b8-4481-ae79-e57b176d2123",
        "timestamp": "20210714-224344"
    },
    "data_file": {
        "audio": "output/audio/20210714-224344_default_Purple-Bear.wav",
        "EEG": "output/EEG/EPOCX/stroop speech_Purple_Bear_EPOCX_135081_2021.07.14T22.44.14.04.00.edf",
        "keyboard": "output/keyboard/20210714-224344_default_Purple-Bear.csv"
    },
    "EEG_marks": {
        "EEG_markers": [
            {
                "name": "Stroop test",
                "type": "task",
                "mark": 80
            },
            {
                "name": "Relax",
                "type": "task",
                "mark": 73
            },
            {
                "name": "Concordant",
                "type": "stimulus",
                "mark": 1
            },
            {
                "name": "Discordant",
                "type": "stimulus",
                "mark": 2
            }
        ]
    },
    "task_log": [
        {
            "name": "text",
            "start": 1626317065.0835717,
            "end": 1626317070.1005726
        },
        {
            "name": "audio",
            "start": 1626317070.1005726,
            "end": 1626317070.170573,
            "filename": "audio/audio_2547fa5a12-1min.mp3"
        },
        {
            "name": "video",
            "start": 1626317070.170573,
            "end": 1626317133.8605745,
            "filename": "video/Background-8788.mp4"
        },
        {
            "name": "image",
            "start": 1626317133.8605745,
            "end": 1626317144.0345702,
            "filename": "images/stroop_instructions_speak.png"
        },
        {
            "name": "audio",
            "start": 1626317144.0345702,
            "end": 1626317146.7369993,
            "filename": "audio/voice_speak_your_answers.mp3"
        },
        {
            "name": "stroop",
            "start": 1626317146.7369993,
            "end": 1626317197.2079706
        },
        {
            "name": "text",
            "start": 1626317197.2079706,
            "end": 1626317202.2429683
        },
        {
            "name": "audio",
            "start": 1626317202.2429683,
            "end": 1626317202.3109708,
            "filename": "audio/audio_2547fa5a12-1min.mp3"
        },
        {
            "name": "video",
            "start": 1626317202.3109708,
            "end": 1626317266.0839708,
            "filename": "video/Background-8788.mp4"
        },
        {
            "name": "image",
            "start": 1626317266.0839708,
            "end": 1626317276.2469697,
            "filename": "images/stroop_instructions_speak.png"
        },
        {
            "name": "audio",
            "start": 1626317276.247973,
            "end": 1626317278.939423,
            "filename": "audio/voice_speak_your_answers.mp3"
        },
        {
            "name": "stroop",
            "start": 1626317278.939423,
            "end": 1626317329.4244196
        },
        {
            "name": "text",
            "start": 1626317329.4244196,
            "end": 1626317334.4544199
        },
        {
            "name": "audio",
            "start": 1626317334.4544199,
            "end": 1626317334.5044227,
            "filename": "audio/audio_2547fa5a12-1min.mp3"
        },
        {
            "name": "video",
            "start": 1626317334.5044227,
            "end": 1626317398.224652,
            "filename": "video/Background-8788.mp4"
        },
        {
            "name": "image",
            "start": 1626317398.224652,
            "end": 1626317408.385654,
            "filename": "images/stroop_instructions_speak.png"
        },
        {
            "name": "audio",
            "start": 1626317408.385654,
            "end": 1626317411.080909,
            "filename": "audio/voice_speak_your_answers.mp3"
        },
        {
            "name": "stroop",
            "start": 1626317411.080909,
            "end": 1626317461.5529087
        },
        {
            "name": "text",
            "start": 1626317461.5529087,
            "end": 1626317466.5919068
        },
        {
            "name": "audio",
            "start": 1626317466.5919068,
            "end": 1626317466.6399074,
            "filename": "audio/audio_2547fa5a12-1min.mp3"
        },
        {
            "name": "video",
            "start": 1626317466.6399074,
            "end": 1626317530.3804238,
            "filename": "video/Background-8788.mp4"
        },
        {
            "name": "image",
            "start": 1626317530.3804238,
            "end": 1626317540.5444243,
            "filename": "images/stroop_instructions_speak.png"
        },
        {
            "name": "audio",
            "start": 1626317540.5444243,
            "end": 1626317543.2259355,
            "filename": "audio/voice_speak_your_answers.mp3"
        },
        {
            "name": "stroop",
            "start": 1626317543.2259355,
            "end": 1626317593.7103124
        }
    ]
}