{
    "params": {
        "study": "default",
        "session_type": "p300 visual",
        "eeg_device": "EPOC X",
        "participant_id": "blue-dolphin",
        "group": "default",
        "age": "22",
        "comments": "left-handed female",
        "session_uuid": "81ff86c5-254b-4549-b0c0-b19d5f5d9f34",
        "timestamp": "20210705-202728"
    },
    "data_file": {
        "EEG": "output/EEG/EPOCX/Blue Dolphin P300 PIC_EPOCX_134413_2021.07.05T20.35.33.04.00.edf|output/EEG/EPOCX/Blue Dolphin P300 PIC_EPOCX_134413_2021.07.05T20.35.33.04.00.json|output/EEG/EPOCX/Blue Dolphin P300 PIC_EPOCX_134413_2021.07.05T20.35.33.04.00.md.edf|output/EEG/EPOCX/Blue Dolphin P300 PIC_EPOCX_134413_2021.07.05T20.35.33.04.00_intervalMarker.csv"
    },
    "EEG_marks": {
        "EEG_markers": [
            {
                "name": "p300 visual",
                "type": "task",
                "mark": 81
            },
            {
                "name": "Relax",
                "type": "task",
                "mark": 73
            },
            {
                "name": "Targets",
                "type": "stimulus",
                "mark": 1
            },
            {
                "name": "NonTargets",
                "type": "stimulus",
                "mark": 2
            }
        ]
    },
    "task_log": [
        {
            "name": "image",
            "start": 1625531746.3418214,
            "end": 1625531751.5058055,
            "filename": "images/stroop_instructions_calmness_1min.png"
        },
        {
            "name": "audio",
            "start": 1625531751.5058055,
            "end": 1625531751.9908047,
            "filename": "audio/audio_2547fa5a12-1min.mp3"
        },
        {
            "name": "video",
            "start": 1625531751.9908047,
            "end": 1625531816.681924,
            "filename": "video/Background-8788.mp4"
        },
        {
            "name": "text",
            "start": 1625531816.681924,
            "end": 1625531821.7192829
        },
        {
            "name": "p300_visual",
            "start": 1625531821.7192829,
            "end": 1625531883.100614
        },
        {
            "name": "image",
            "start": 1625531883.100614,
            "end": 1625531888.276328,
            "filename": "images/stroop_instructions_calmness_1min.png"
        },
        {
            "name": "audio",
            "start": 1625531888.276328,
            "end": 1625531888.3563259,
            "filename": "audio/audio_2547fa5a12-1min.mp3"
        },
        {
            "name": "video",
            "start": 1625531888.3563259,
            "end": 1625531951.7741637,
            "filename": "video/Background-8788.mp4"
        },
        {
            "name": "text",
            "start": 1625531951.7741637,
            "end": 1625531956.7907608
        },
        {
            "name": "p300_visual",
            "start": 1625531956.7907608,
            "end": 1625532018.1764312
        }
    ]
}