type,key,timestamp,time_delay,word_color,word_text,timestamp_stim
concordant,none,,-1,red,red,1627054770.1815038
concordant,none,,-1,yellow,yellow,1627054772.2175014
concordant,none,,-1,green,green,1627054774.2395043
concordant,none,,-1,yellow,yellow,1627054776.2565012
concordant,none,,-1,red,red,1627054778.2695029
concordant,none,,-1,yellow,yellow,1627054780.2875028
concordant,none,,-1,red,red,1627054782.3055031
concordant,none,,-1,yellow,yellow,1627054784.3195035
concordant,none,,-1,red,red,1627054786.336503
concordant,none,,-1,green,green,1627054788.3495023
concordant,none,,-1,yellow,yellow,1627054790.366504
concordant,none,,-1,red,red,1627054792.3815024
concordant,none,,-1,green,green,1627054794.4005039
concordant,none,,-1,yellow,yellow,1627054796.4185038
concordant,none,,-1,green,green,1627054798.4345033
concordant,none,,-1,yellow,yellow,1627054800.4525049
concordant,none,,-1,red,red,1627054802.4665008
concordant,none,,-1,green,green,1627054804.477503
concordant,none,,-1,red,red,1627054806.4965034
concordant,none,,-1,green,green,1627054808.5085008
concordant,none,,-1,yellow,yellow,1627054810.5255022
concordant,none,,-1,red,red,1627054812.543515
concordant,none,,-1,yellow,yellow,1627054814.557502
concordant,none,,-1,red,red,1627054816.5715008
concordant,none,,-1,yellow,yellow,1627054818.5885017
type,key,timestamp,time_delay,word_color,word_text,timestamp_stim
discordant,none,,-1,green,yellow,1627054902.4480722
discordant,none,,-1,yellow,red,1627054904.4700704
discordant,none,,-1,red,green,1627054906.496076
discordant,none,,-1,green,red,1627054908.5090702
discordant,none,,-1,red,green,1627054910.5270715
discordant,none,,-1,yellow,red,1627054912.5430708
discordant,none,,-1,red,green,1627054914.5560708
discordant,none,,-1,yellow,red,1627054916.574071
discordant,none,,-1,green,yellow,1627054918.588071
discordant,none,,-1,yellow,green,1627054920.603069
discordant,none,,-1,green,yellow,1627054922.6170704
discordant,none,,-1,yellow,red,1627054924.6300704
discordant,none,,-1,green,yellow,1627054926.6440701
discordant,none,,-1,red,green,1627054928.6580706
discordant,none,,-1,green,red,1627054930.675071
discordant,none,,-1,red,green,1627054932.689071
discordant,none,,-1,yellow,red,1627054934.7040715
discordant,none,,-1,green,yellow,1627054936.7230709
discordant,none,,-1,yellow,red,1627054938.7380726
discordant,none,,-1,red,green,1627054940.7540681
discordant,none,,-1,yellow,red,1627054942.774073
discordant,none,,-1,red,green,1627054944.7950718
discordant,none,,-1,green,red,1627054946.8130717
discordant,none,,-1,yellow,green,1627054948.8280714
discordant,none,,-1,red,yellow,1627054950.8440719
type,key,timestamp,time_delay,word_color,word_text,timestamp_stim
concordant,none,,-1,yellow,yellow,1627055034.6552138
concordant,none,,-1,red,red,1627055036.6772122
concordant,none,,-1,green,green,1627055038.7012124
concordant,none,,-1,yellow,yellow,1627055040.718214
concordant,none,,-1,green,green,1627055042.7332132
concordant,none,,-1,yellow,yellow,1627055044.7492168
concordant,none,,-1,green,green,1627055046.7632143
concordant,none,,-1,yellow,yellow,1627055048.7772114
concordant,none,,-1,red,red,1627055050.7922173
concordant,none,,-1,yellow,yellow,1627055052.8102136
concordant,none,,-1,red,red,1627055054.825216
concordant,none,,-1,yellow,yellow,1627055056.8422124
concordant,none,,-1,green,green,1627055058.8602142
concordant,none,,-1,yellow,yellow,1627055060.876214
concordant,none,,-1,red,red,1627055062.8922143
concordant,none,,-1,green,green,1627055064.9082136
concordant,none,,-1,red,red,1627055066.9262123
concordant,none,,-1,green,green,1627055068.9402156
concordant,none,,-1,yellow,yellow,1627055070.952213
concordant,none,,-1,red,red,1627055072.9642105
concordant,none,,-1,green,green,1627055074.9762135
concordant,none,,-1,yellow,yellow,1627055076.9912145
concordant,none,,-1,red,red,1627055079.0082123
concordant,none,,-1,green,green,1627055081.0222187
concordant,none,,-1,red,red,1627055083.035212
type,key,timestamp,time_delay,word_color,word_text,timestamp_stim
discordant,none,,-1,red,yellow,1627055166.8148453
discordant,none,,-1,green,red,1627055168.8428533
discordant,none,,-1,red,yellow,1627055170.8548472
discordant,none,,-1,yellow,red,1627055172.8698442
discordant,none,,-1,red,yellow,1627055174.884846
discordant,none,,-1,green,red,1627055176.8998456
discordant,none,,-1,red,yellow,1627055178.9158463
discordant,none,,-1,yellow,green,1627055180.9418461
discordant,none,,-1,red,yellow,1627055182.9558446
discordant,none,,-1,green,red,1627055184.973844
discordant,none,,-1,red,yellow,1627055186.9888453
discordant,none,,-1,yellow,red,1627055189.0008445
discordant,none,,-1,red,yellow,1627055191.014847
discordant,none,,-1,yellow,red,1627055193.037842
discordant,none,,-1,red,green,1627055195.0528438
discordant,none,,-1,yellow,red,1627055197.066845
discordant,none,,-1,red,green,1627055199.0808434
discordant,none,,-1,green,yellow,1627055201.0958424
discordant,none,,-1,red,green,1627055203.109845
discordant,none,,-1,green,yellow,1627055205.1238453
discordant,none,,-1,red,green,1627055207.1388452
discordant,none,,-1,yellow,red,1627055209.1588564
discordant,none,,-1,green,yellow,1627055211.1748452
discordant,none,,-1,yellow,red,1627055213.1859097
discordant,none,,-1,red,green,1627055215.2007575
