{
    "params": {
        "study": "default",
        "session_type": "Stroop_speech",
        "eeg_device": "EPOC X",
        "participant_id": "green-frog",
        "group": "default",
        "age": "29",
        "comments": "",
        "session_uuid": "0fb1b1f1-8fac-4027-942b-a5864422533b",
        "timestamp": "20210723-113751"
    },
    "data_file": {
        "audio": "output/audio/20210723-113751_default_green-frog.wav",
        "EEG": "output/EEG/EPOCX/green frog speech_EPOCX_120482_2021.07.23T11.37.45.04.00.csv|output/EEG/EPOCX/green frog speech_EPOCX_120482_2021.07.23T11.37.45.04.00.edf|output/EEG/EPOCX/green frog speech_EPOCX_120482_2021.07.23T11.37.45.04.00.json|output/EEG/EPOCX/green frog speech_EPOCX_120482_2021.07.23T11.37.45.04.00.mdedf",
        "keyboard": "output/keyboard/20210723-113751_default_green-frog.csv"
    },
    "EEG_marks": {
        "EEG_markers": [
            {
                "name": "Stroop test",
                "type": "task",
                "mark": 80
            },
            {
                "name": "Relax",
                "type": "task",
                "mark": 73
            },
            {
                "name": "Concordant",
                "type": "stimulus",
                "mark": 1
            },
            {
                "name": "Discordant",
                "type": "stimulus",
                "mark": 2
            }
        ]
    },
    "task_log": [
        {
            "name": "text",
            "start": 1627054688.3939703,
            "end": 1627054693.41397
        },
        {
            "name": "audio",
            "start": 1627054693.41397,
            "end": 1627054693.4909704,
            "filename": "audio/audio_2547fa5a12-1min.mp3"
        },
        {
            "name": "video",
            "start": 1627054693.4909704,
            "end": 1627054757.2364895,
            "filename": "video/Background-8788.mp4"
        },
        {
            "name": "image",
            "start": 1627054757.2364895,
            "end": 1627054767.4024875,
            "filename": "images/stroop_instructions_speak.png"
        },
        {
            "name": "audio",
            "start": 1627054767.4024875,
            "end": 1627054770.097503,
            "filename": "audio/voice_speak_your_answers.mp3"
        },
        {
            "name": "stroop",
            "start": 1627054770.097503,
            "end": 1627054820.603502
        },
        {
            "name": "text",
            "start": 1627054820.603502,
            "end": 1627054825.6425023
        },
        {
            "name": "audio",
            "start": 1627054825.6425023,
            "end": 1627054825.694501,
            "filename": "audio/audio_2547fa5a12-1min.mp3"
        },
        {
            "name": "video",
            "start": 1627054825.694501,
            "end": 1627054889.5116174,
            "filename": "video/Background-8788.mp4"
        },
        {
            "name": "image",
            "start": 1627054889.5116174,
            "end": 1627054899.6696346,
            "filename": "images/stroop_instructions_speak.png"
        },
        {
            "name": "audio",
            "start": 1627054899.6696346,
            "end": 1627054902.358069,
            "filename": "audio/voice_speak_your_answers.mp3"
        },
        {
            "name": "stroop",
            "start": 1627054902.358069,
            "end": 1627054952.8570726
        },
        {
            "name": "text",
            "start": 1627054952.8570726,
            "end": 1627054957.895071
        },
        {
            "name": "audio",
            "start": 1627054957.895071,
            "end": 1627054957.951071,
            "filename": "audio/audio_2547fa5a12-1min.mp3"
        },
        {
            "name": "video",
            "start": 1627054957.951071,
            "end": 1627055021.7177975,
            "filename": "video/Background-8788.mp4"
        },
        {
            "name": "image",
            "start": 1627055021.7177975,
            "end": 1627055031.8727996,
            "filename": "images/stroop_instructions_speak.png"
        },
        {
            "name": "audio",
            "start": 1627055031.8738017,
            "end": 1627055034.5712113,
            "filename": "audio/voice_speak_your_answers.mp3"
        },
        {
            "name": "stroop",
            "start": 1627055034.5712113,
            "end": 1627055085.0462136
        },
        {
            "name": "text",
            "start": 1627055085.0462136,
            "end": 1627055090.0862143
        },
        {
            "name": "audio",
            "start": 1627055090.0862143,
            "end": 1627055090.1382146,
            "filename": "audio/audio_2547fa5a12-1min.mp3"
        },
        {
            "name": "video",
            "start": 1627055090.1382146,
            "end": 1627055153.8907983,
            "filename": "video/Background-8788.mp4"
        },
        {
            "name": "image",
            "start": 1627055153.8907983,
            "end": 1627055164.0507958,
            "filename": "images/stroop_instructions_speak.png"
        },
        {
            "name": "audio",
            "start": 1627055164.0507958,
            "end": 1627055166.7308443,
            "filename": "audio/voice_speak_your_answers.mp3"
        },
        {
            "name": "stroop",
            "start": 1627055166.7308443,
            "end": 1627055217.211237
        }
    ]
}