{
    "params": {
        "study": "default",
        "session_type": "Stroop_keyboard",
        "eeg_device": "EPOC X",
        "participant_id": "orange-crocodile",
        "group": "default",
        "age": "20",
        "comments": "",
        "session_uuid": "e7a92514-579f-4519-8aa9-ea04c13250fd",
        "timestamp": "20210729-131241"
    },
    "data_file": {
        "EEG": "output/EEG/EPOCX/keyboard orange crocodile_EPOCX_120482_2021.07.29T13.44.52.04.00.csv|output/EEG/EPOCX/keyboard orange crocodile_EPOCX_120482_2021.07.29T13.44.52.04.00.edf|output/EEG/EPOCX/keyboard orange crocodile_EPOCX_120482_2021.07.29T13.44.52.04.00.json|output/EEG/EPOCX/keyboard orange crocodile_EPOCX_120482_2021.07.29T13.44.52.04.00.mdedf",
        "keyboard": "output/keyboard/20210729-131241_default_orange-crocodile.csv"
    },
    "EEG_marks": {
        "EEG_markers": [
            {
                "name": "Stroop test",
                "type": "task",
                "mark": 80
            },
            {
                "name": "Relax",
                "type": "task",
                "mark": 73
            },
            {
                "name": "Concordant",
                "type": "stimulus",
                "mark": 1
            },
            {
                "name": "Discordant",
                "type": "stimulus",
                "mark": 2
            }
        ]
    },
    "task_log": [
        {
            "name": "text",
            "start": 1627580710.7270155,
            "end": 1627580715.7505255
        },
        {
            "name": "audio",
            "start": 1627580715.7505255,
            "end": 1627580715.9185348,
            "filename": "audio/audio_2547fa5a12-1min.mp3"
        },
        {
            "name": "video",
            "start": 1627580715.9185348,
            "end": 1627580779.6312284,
            "filename": "video/Background-8788.mp4"
        },
        {
            "name": "image",
            "start": 1627580779.6312284,
            "end": 1627580789.8014748,
            "filename": "images/stroop_instructions_arrows.png"
        },
        {
            "name": "audio",
            "start": 1627580789.8014748,
            "end": 1627580794.157886,
            "filename": "audio/voice_type_your_answers.mp3"
        },
        {
            "name": "stroop",
            "start": 1627580794.157886,
            "end": 1627580844.5904007
        },
        {
            "name": "text",
            "start": 1627580844.5904007,
            "end": 1627580849.6221943
        },
        {
            "name": "audio",
            "start": 1627580849.6221943,
            "end": 1627580849.6691978,
            "filename": "audio/audio_2547fa5a12-1min.mp3"
        },
        {
            "name": "video",
            "start": 1627580849.6691978,
            "end": 1627580912.7884128,
            "filename": "video/Background-8788.mp4"
        },
        {
            "name": "image",
            "start": 1627580912.7884128,
            "end": 1627580922.94811,
            "filename": "images/stroop_instructions_arrows.png"
        },
        {
            "name": "audio",
            "start": 1627580922.9491103,
            "end": 1627580927.2578437,
            "filename": "audio/voice_type_your_answers.mp3"
        },
        {
            "name": "stroop",
            "start": 1627580927.2578437,
            "end": 1627580977.668558
        },
        {
            "name": "audio",
            "start": 1627580977.668558,
            "end": 1627580977.717546,
            "filename": "audio/audio_2547fa5a12-1min.mp3"
        },
        {
            "name": "video",
            "start": 1627580977.717546,
            "end": 1627581040.84439,
            "filename": "video/Background-8788.mp4"
        },
        {
            "name": "image",
            "start": 1627581040.84439,
            "end": 1627581051.0065603,
            "filename": "images/stroop_instructions_arrows.png"
        },
        {
            "name": "audio",
            "start": 1627581051.0075758,
            "end": 1627581055.3419912,
            "filename": "audio/voice_type_your_answers.mp3"
        },
        {
            "name": "stroop",
            "start": 1627581055.3419912,
            "end": 1627581105.659947
        },
        {
            "name": "audio",
            "start": 1627581105.6609461,
            "end": 1627581105.7089458,
            "filename": "audio/audio_2547fa5a12-1min.mp3"
        },
        {
            "name": "video",
            "start": 1627581105.7089458,
            "end": 1627581168.7834654,
            "filename": "video/Background-8788.mp4"
        },
        {
            "name": "image",
            "start": 1627581168.7834654,
            "end": 1627581178.9395182,
            "filename": "images/stroop_instructions_arrows.png"
        },
        {
            "name": "audio",
            "start": 1627581178.9395182,
            "end": 1627581183.2830226,
            "filename": "audio/voice_type_your_answers.mp3"
        },
        {
            "name": "stroop",
            "start": 1627581183.2830226,
            "end": 1627581233.6053069
        }
    ]
}