type,key,timestamp,time_delay,word_color,word_text,timestamp_stim
concordant,none,,-1,red,red,1627320189.8958535
concordant,none,,-1,yellow,yellow,1627320191.9258544
concordant,none,,-1,red,red,1627320193.9408522
concordant,none,,-1,yellow,yellow,1627320195.9558532
concordant,none,,-1,green,green,1627320197.9798543
concordant,none,,-1,red,red,1627320199.9998536
concordant,none,,-1,green,green,1627320202.0168521
concordant,none,,-1,yellow,yellow,1627320204.0338516
concordant,none,,-1,green,green,1627320206.0468526
concordant,none,,-1,red,red,1627320208.060856
concordant,none,,-1,green,green,1627320210.079851
concordant,none,,-1,red,red,1627320212.0978522
concordant,none,,-1,green,green,1627320214.1158757
concordant,none,,-1,yellow,yellow,1627320216.1378546
concordant,none,,-1,green,green,1627320218.1548543
concordant,none,,-1,yellow,yellow,1627320220.1728537
concordant,none,,-1,red,red,1627320222.1898506
concordant,none,,-1,yellow,yellow,1627320224.2078538
concordant,none,,-1,green,green,1627320226.2228525
concordant,none,,-1,red,red,1627320228.236853
concordant,none,,-1,green,green,1627320230.2548537
concordant,none,,-1,yellow,yellow,1627320232.2738514
concordant,none,,-1,green,green,1627320234.2908514
concordant,none,,-1,red,red,1627320236.303854
concordant,none,,-1,green,green,1627320238.3208594
type,key,timestamp,time_delay,word_color,word_text,timestamp_stim
discordant,none,,-1,yellow,red,1627320322.0763419
discordant,none,,-1,red,yellow,1627320324.1093392
discordant,none,,-1,green,red,1627320326.1273406
discordant,none,,-1,yellow,green,1627320328.1473424
discordant,none,,-1,green,yellow,1627320330.1623397
discordant,none,,-1,red,green,1627320332.1803412
discordant,none,,-1,yellow,red,1627320334.193341
discordant,none,,-1,green,yellow,1627320336.206339
discordant,none,,-1,red,green,1627320338.2183442
discordant,none,,-1,yellow,red,1627320340.231344
discordant,none,,-1,green,yellow,1627320342.254364
discordant,none,,-1,red,green,1627320344.2703435
discordant,none,,-1,yellow,red,1627320346.2823408
discordant,none,,-1,green,yellow,1627320348.2983413
discordant,none,,-1,yellow,green,1627320350.31534
discordant,none,,-1,red,yellow,1627320352.3293407
discordant,none,,-1,yellow,red,1627320354.3473423
discordant,none,,-1,green,yellow,1627320356.3633423
discordant,none,,-1,red,green,1627320358.3823447
discordant,none,,-1,yellow,red,1627320360.3963392
discordant,none,,-1,red,yellow,1627320362.410341
discordant,none,,-1,yellow,red,1627320364.4273412
discordant,none,,-1,green,yellow,1627320366.4433444
discordant,none,,-1,red,green,1627320368.460342
discordant,none,,-1,green,yellow,1627320370.4763417
type,key,timestamp,time_delay,word_color,word_text,timestamp_stim
concordant,none,,-1,green,green,1627320454.3608387
concordant,none,,-1,yellow,yellow,1627320456.3958397
concordant,none,,-1,red,red,1627320458.4208393
concordant,none,,-1,green,green,1627320460.4368386
concordant,none,,-1,red,red,1627320462.44884
concordant,none,,-1,yellow,yellow,1627320464.4648392
concordant,none,,-1,red,red,1627320466.4768384
concordant,none,,-1,green,green,1627320468.4868402
concordant,none,,-1,red,red,1627320470.5018368
concordant,none,,-1,green,green,1627320472.5158386
concordant,none,,-1,yellow,yellow,1627320474.5298393
concordant,none,,-1,red,red,1627320476.5448384
concordant,none,,-1,yellow,yellow,1627320478.5568397
concordant,none,,-1,green,green,1627320480.5748389
concordant,none,,-1,yellow,yellow,1627320482.587837
concordant,none,,-1,red,red,1627320484.6038384
concordant,none,,-1,yellow,yellow,1627320486.6258388
concordant,none,,-1,green,green,1627320488.6408405
concordant,none,,-1,red,red,1627320490.656838
concordant,none,,-1,green,green,1627320492.6688387
concordant,none,,-1,red,red,1627320494.6828392
concordant,none,,-1,green,green,1627320496.6978388
concordant,none,,-1,red,red,1627320498.7148418
concordant,none,,-1,green,green,1627320500.7278385
concordant,none,,-1,red,red,1627320502.747838
type,key,timestamp,time_delay,word_color,word_text,timestamp_stim
discordant,none,,-1,green,yellow,1627320586.7271037
discordant,none,,-1,yellow,green,1627320588.7520995
discordant,none,,-1,red,yellow,1627320590.765103
discordant,none,,-1,green,red,1627320592.7891026
discordant,none,,-1,yellow,green,1627320594.8010995
discordant,none,,-1,green,red,1627320596.8121011
discordant,none,,-1,red,green,1627320598.8270996
discordant,none,,-1,green,red,1627320600.842099
discordant,none,,-1,yellow,green,1627320602.8581007
discordant,none,,-1,red,yellow,1627320604.8730996
discordant,none,,-1,green,red,1627320606.8901002
discordant,none,,-1,yellow,green,1627320608.9021008
discordant,none,,-1,green,yellow,1627320610.9201014
discordant,none,,-1,red,green,1627320612.9331007
discordant,none,,-1,yellow,red,1627320614.947101
discordant,none,,-1,green,yellow,1627320616.962102
discordant,none,,-1,yellow,green,1627320618.9791076
discordant,none,,-1,red,yellow,1627320620.9951005
discordant,none,,-1,yellow,green,1627320623.0121017
discordant,none,,-1,green,yellow,1627320625.0241005
discordant,none,,-1,red,green,1627320627.0406182
discordant,none,,-1,green,yellow,1627320629.057619
discordant,none,,-1,red,green,1627320631.0746186
discordant,none,,-1,yellow,red,1627320633.0879838
discordant,none,,-1,red,yellow,1627320635.1008284
