{
    "params": {
        "study": "default",
        "session_type": "Stroop_speech",
        "eeg_device": "EPOC X",
        "participant_id": "blue-dog",
        "group": "default",
        "age": "28",
        "comments": "",
        "session_uuid": "49ed8132-ad30-4074-9928-34191b1b24c4",
        "timestamp": "20210726-132105"
    },
    "data_file": {
        "audio": "output/audio/20210726-132105_default_blue-dog.wav",
        "EEG": "output/EEG/EPOCX/blue dog stroop speech_EPOCX_120482_2021.07.26T13.21.33.04.00.csv|output/EEG/EPOCX/blue dog stroop speech_EPOCX_120482_2021.07.26T13.21.33.04.00.edf|output/EEG/EPOCX/blue dog stroop speech_EPOCX_120482_2021.07.26T13.21.33.04.00.json|output/EEG/EPOCX/blue dog stroop speech_EPOCX_120482_2021.07.26T13.21.33.04.00.mdedf",
        "keyboard": "output/keyboard/20210726-132105_default_blue-dog.csv"
    },
    "EEG_marks": {
        "EEG_markers": [
            {
                "name": "Stroop test",
                "type": "task",
                "mark": 80
            },
            {
                "name": "Relax",
                "type": "task",
                "mark": 73
            },
            {
                "name": "Concordant",
                "type": "stimulus",
                "mark": 1
            },
            {
                "name": "Discordant",
                "type": "stimulus",
                "mark": 2
            }
        ]
    },
    "task_log": [
        {
            "name": "text",
            "start": 1627320108.0748537,
            "end": 1627320113.0938513
        },
        {
            "name": "audio",
            "start": 1627320113.0938513,
            "end": 1627320113.170851,
            "filename": "audio/audio_2547fa5a12-1min.mp3"
        },
        {
            "name": "video",
            "start": 1627320113.170851,
            "end": 1627320176.955855,
            "filename": "video/Background-8788.mp4"
        },
        {
            "name": "image",
            "start": 1627320176.9568548,
            "end": 1627320187.1138518,
            "filename": "images/stroop_instructions_speak.png"
        },
        {
            "name": "audio",
            "start": 1627320187.1138518,
            "end": 1627320189.8128538,
            "filename": "audio/voice_speak_your_answers.mp3"
        },
        {
            "name": "stroop",
            "start": 1627320189.8128538,
            "end": 1627320240.3358514
        },
        {
            "name": "text",
            "start": 1627320240.3358514,
            "end": 1627320245.373855
        },
        {
            "name": "audio",
            "start": 1627320245.373855,
            "end": 1627320245.4338517,
            "filename": "audio/audio_2547fa5a12-1min.mp3"
        },
        {
            "name": "video",
            "start": 1627320245.4338517,
            "end": 1627320309.147853,
            "filename": "video/Background-8788.mp4"
        },
        {
            "name": "image",
            "start": 1627320309.147853,
            "end": 1627320319.3048553,
            "filename": "images/stroop_instructions_speak.png"
        },
        {
            "name": "audio",
            "start": 1627320319.3048553,
            "end": 1627320321.9993408,
            "filename": "audio/voice_speak_your_answers.mp3"
        },
        {
            "name": "stroop",
            "start": 1627320321.9993408,
            "end": 1627320372.4933412
        },
        {
            "name": "text",
            "start": 1627320372.4933412,
            "end": 1627320377.532339
        },
        {
            "name": "audio",
            "start": 1627320377.532339,
            "end": 1627320377.6003416,
            "filename": "audio/audio_2547fa5a12-1min.mp3"
        },
        {
            "name": "video",
            "start": 1627320377.6003416,
            "end": 1627320441.4063432,
            "filename": "video/Background-8788.mp4"
        },
        {
            "name": "image",
            "start": 1627320441.4063432,
            "end": 1627320451.5713413,
            "filename": "images/stroop_instructions_speak.png"
        },
        {
            "name": "audio",
            "start": 1627320451.5713413,
            "end": 1627320454.2788744,
            "filename": "audio/voice_speak_your_answers.mp3"
        },
        {
            "name": "stroop",
            "start": 1627320454.2788744,
            "end": 1627320504.7648382
        },
        {
            "name": "text",
            "start": 1627320504.7648382,
            "end": 1627320509.8048413
        },
        {
            "name": "audio",
            "start": 1627320509.8048413,
            "end": 1627320509.8638396,
            "filename": "audio/audio_2547fa5a12-1min.mp3"
        },
        {
            "name": "video",
            "start": 1627320509.8638396,
            "end": 1627320573.777874,
            "filename": "video/Background-8788.mp4"
        },
        {
            "name": "image",
            "start": 1627320573.777874,
            "end": 1627320583.9358754,
            "filename": "images/stroop_instructions_speak.png"
        },
        {
            "name": "audio",
            "start": 1627320583.9358754,
            "end": 1627320586.638942,
            "filename": "audio/voice_speak_your_answers.mp3"
        },
        {
            "name": "stroop",
            "start": 1627320586.638942,
            "end": 1627320637.1111414
        }
    ]
}