type,key,timestamp,time_delay,word_color,word_text,timestamp_stim
concordant,none,,-1,red,red,1625533414.5387247
concordant,none,,-1,green,green,1625533416.564723
concordant,none,,-1,red,red,1625533418.578723
concordant,none,,-1,yellow,yellow,1625533420.6227245
concordant,none,,-1,red,red,1625533422.6397214
concordant,none,,-1,yellow,yellow,1625533424.659723
concordant,none,,-1,red,red,1625533426.678724
concordant,none,,-1,green,green,1625533428.6957228
concordant,none,,-1,yellow,yellow,1625533430.7107263
concordant,none,,-1,green,green,1625533432.7277217
concordant,none,,-1,yellow,yellow,1625533434.744724
concordant,none,,-1,green,green,1625533436.7627306
concordant,none,,-1,red,red,1625533438.7767227
concordant,none,,-1,green,green,1625533440.7967234
concordant,none,,-1,yellow,yellow,1625533442.8137228
concordant,none,,-1,red,red,1625533444.8307247
concordant,none,,-1,green,green,1625533446.845723
concordant,none,,-1,red,red,1625533448.8637226
concordant,none,,-1,green,green,1625533450.8787222
concordant,none,,-1,yellow,yellow,1625533452.8977244
concordant,none,,-1,red,red,1625533454.9147224
concordant,none,,-1,green,green,1625533456.9307246
concordant,none,,-1,red,red,1625533458.9487221
concordant,none,,-1,yellow,yellow,1625533460.9637222
concordant,none,,-1,green,green,1625533462.9817238
type,key,timestamp,time_delay,word_color,word_text,timestamp_stim
discordant,none,,-1,red,yellow,1625533546.769966
discordant,none,,-1,yellow,red,1625533548.7909682
discordant,none,,-1,red,green,1625533550.8139617
discordant,none,,-1,yellow,red,1625533552.830963
discordant,none,,-1,green,yellow,1625533554.8469636
discordant,none,,-1,red,green,1625533556.8609657
discordant,none,,-1,yellow,red,1625533558.875964
discordant,none,,-1,green,yellow,1625533560.8869631
discordant,none,,-1,yellow,red,1625533562.901966
discordant,none,,-1,green,yellow,1625533564.9179626
discordant,none,,-1,yellow,green,1625533566.9379642
discordant,none,,-1,green,red,1625533568.957965
discordant,none,,-1,yellow,green,1625533570.972964
discordant,none,,-1,red,yellow,1625533572.9869642
discordant,none,,-1,yellow,green,1625533575.0009642
discordant,none,,-1,green,red,1625533577.0179634
discordant,none,,-1,red,green,1625533579.0329618
discordant,none,,-1,yellow,red,1625533581.0479627
discordant,none,,-1,red,green,1625533583.0579634
discordant,none,,-1,yellow,red,1625533585.070963
discordant,none,,-1,red,yellow,1625533587.0889657
discordant,none,,-1,green,red,1625533589.1019661
discordant,none,,-1,yellow,green,1625533591.1189651
discordant,none,,-1,red,yellow,1625533593.1329634
discordant,none,,-1,green,red,1625533595.1449623
type,key,timestamp,time_delay,word_color,word_text,timestamp_stim
concordant,none,,-1,green,green,1625533679.1989062
concordant,none,,-1,yellow,yellow,1625533681.22091
concordant,none,,-1,red,red,1625533683.2448938
concordant,none,,-1,green,green,1625533685.2588952
concordant,none,,-1,red,red,1625533687.273895
concordant,none,,-1,green,green,1625533689.2868965
concordant,none,,-1,red,red,1625533691.3038933
concordant,none,,-1,green,green,1625533693.3228955
concordant,none,,-1,yellow,yellow,1625533695.3378944
concordant,none,,-1,green,green,1625533697.3518953
concordant,none,,-1,yellow,yellow,1625533699.3708985
concordant,none,,-1,red,red,1625533701.3878949
concordant,none,,-1,yellow,yellow,1625533703.4048932
concordant,none,,-1,red,red,1625533705.4228923
concordant,none,,-1,yellow,yellow,1625533707.4398959
concordant,none,,-1,green,green,1625533709.455898
concordant,none,,-1,red,red,1625533711.4718988
concordant,none,,-1,green,green,1625533713.4858978
concordant,none,,-1,red,red,1625533715.503892
concordant,none,,-1,yellow,yellow,1625533717.522893
concordant,none,,-1,green,green,1625533719.5378926
concordant,none,,-1,red,red,1625533721.5558958
concordant,none,,-1,yellow,yellow,1625533723.5718946
concordant,none,,-1,green,green,1625533725.5878937
concordant,none,,-1,red,red,1625533727.600894
type,key,timestamp,time_delay,word_color,word_text,timestamp_stim
discordant,none,,-1,yellow,red,1625533811.3475153
discordant,none,,-1,green,yellow,1625533813.3855174
discordant,none,,-1,red,green,1625533815.412512
discordant,none,,-1,yellow,red,1625533817.4265165
discordant,none,,-1,green,yellow,1625533819.4425137
discordant,none,,-1,red,green,1625533821.4615152
discordant,none,,-1,yellow,red,1625533823.479511
discordant,none,,-1,green,yellow,1625533825.4945164
discordant,none,,-1,yellow,green,1625533827.512518
discordant,none,,-1,red,yellow,1625533829.5255127
discordant,none,,-1,green,red,1625533831.5425138
discordant,none,,-1,red,yellow,1625533833.5595136
discordant,none,,-1,green,red,1625533835.5715158
discordant,none,,-1,yellow,green,1625533837.593514
discordant,none,,-1,green,red,1625533839.608513
discordant,none,,-1,yellow,green,1625533841.624517
discordant,none,,-1,red,yellow,1625533843.6405132
discordant,none,,-1,yellow,green,1625533845.6575184
discordant,none,,-1,green,yellow,1625533847.6735122
discordant,none,,-1,yellow,green,1625533849.6855164
discordant,none,,-1,red,yellow,1625533851.7015157
discordant,none,,-1,green,red,1625533853.7165139
discordant,none,,-1,red,green,1625533855.7288277
discordant,none,,-1,green,yellow,1625533857.7412717
discordant,none,,-1,red,green,1625533859.7532349
