{
    "params": {
        "study": "default",
        "session_type": "Stroop_speech",
        "eeg_device": "EPOC X",
        "participant_id": "Blue-Dolphin",
        "group": "default",
        "age": "22",
        "comments": "right-handed, female",
        "session_uuid": "3425dcb5-3860-47bd-8372-c10cfed1a7c1",
        "timestamp": "20210705-205955"
    },
    "data_file": {
        "audio": "output/audio/20210705-205955_default_Blue-Dolphin.wav",
        "EEG": "output/EEG/EPOCX/Blue Dolphin Stroop Speech_EPOCX_134413_2021.07.05T21.02.01.04.00.edf|output/EEG/EPOCX/Blue Dolphin Stroop Speech_EPOCX_134413_2021.07.05T21.02.01.04.00.json|output/EEG/EPOCX/Blue Dolphin Stroop Speech_EPOCX_134413_2021.07.05T21.02.01.04.00.md.edf|output/EEG/EPOCX/Blue Dolphin Stroop Speech_EPOCX_134413_2021.07.05T21.02.01.04.00_intervalMarker.csv",
        "keyboard": "output/keyboard/20210705-205955_default_Blue-Dolphin.csv"
    },
    "EEG_marks": {
        "EEG_markers": [
            {
                "name": "Stroop test",
                "type": "task",
                "mark": 80
            },
            {
                "name": "Relax",
                "type": "task",
                "mark": 73
            },
            {
                "name": "Concordant",
                "type": "stimulus",
                "mark": 1
            },
            {
                "name": "Discordant",
                "type": "stimulus",
                "mark": 2
            }
        ]
    },
    "task_log": [
        {
            "name": "text",
            "start": 1625533331.6630561,
            "end": 1625533336.6990669
        },
        {
            "name": "audio",
            "start": 1625533336.6990669,
            "end": 1625533336.9220564,
            "filename": "audio/audio_2547fa5a12-1min.mp3"
        },
        {
            "name": "video",
            "start": 1625533336.9220564,
            "end": 1625533401.5606961,
            "filename": "video/Background-8788.mp4"
        },
        {
            "name": "image",
            "start": 1625533401.5606961,
            "end": 1625533411.733693,
            "filename": "images/stroop_instructions_speak.png"
        },
        {
            "name": "audio",
            "start": 1625533411.733693,
            "end": 1625533414.442724,
            "filename": "audio/voice_speak_your_answers.mp3"
        },
        {
            "name": "stroop",
            "start": 1625533414.442724,
            "end": 1625533464.9977274
        },
        {
            "name": "text",
            "start": 1625533464.9977274,
            "end": 1625533470.0297232
        },
        {
            "name": "audio",
            "start": 1625533470.0297232,
            "end": 1625533470.0807269,
            "filename": "audio/audio_2547fa5a12-1min.mp3"
        },
        {
            "name": "video",
            "start": 1625533470.0807269,
            "end": 1625533533.849724,
            "filename": "video/Background-8788.mp4"
        },
        {
            "name": "image",
            "start": 1625533533.849724,
            "end": 1625533544.0127246,
            "filename": "images/stroop_instructions_speak.png"
        },
        {
            "name": "audio",
            "start": 1625533544.0127246,
            "end": 1625533546.6889632,
            "filename": "audio/voice_speak_your_answers.mp3"
        },
        {
            "name": "stroop",
            "start": 1625533546.6889632,
            "end": 1625533597.1579654
        },
        {
            "name": "text",
            "start": 1625533597.1579654,
            "end": 1625533602.1939628
        },
        {
            "name": "audio",
            "start": 1625533602.1939628,
            "end": 1625533602.240963,
            "filename": "audio/audio_2547fa5a12-1min.mp3"
        },
        {
            "name": "video",
            "start": 1625533602.240963,
            "end": 1625533666.2585766,
            "filename": "video/Background-8788.mp4"
        },
        {
            "name": "image",
            "start": 1625533666.2585766,
            "end": 1625533676.4275753,
            "filename": "images/stroop_instructions_speak.png"
        },
        {
            "name": "audio",
            "start": 1625533676.4275753,
            "end": 1625533679.114894,
            "filename": "audio/voice_speak_your_answers.mp3"
        },
        {
            "name": "stroop",
            "start": 1625533679.114894,
            "end": 1625533729.6128914
        },
        {
            "name": "text",
            "start": 1625533729.6128914,
            "end": 1625533734.6538928
        },
        {
            "name": "audio",
            "start": 1625533734.6538928,
            "end": 1625533734.721895,
            "filename": "audio/audio_2547fa5a12-1min.mp3"
        },
        {
            "name": "video",
            "start": 1625533734.721895,
            "end": 1625533798.4144263,
            "filename": "video/Background-8788.mp4"
        },
        {
            "name": "image",
            "start": 1625533798.4144263,
            "end": 1625533808.5744245,
            "filename": "images/stroop_instructions_speak.png"
        },
        {
            "name": "audio",
            "start": 1625533808.5744245,
            "end": 1625533811.266512,
            "filename": "audio/voice_speak_your_answers.mp3"
        },
        {
            "name": "stroop",
            "start": 1625533811.266512,
            "end": 1625533861.7671053
        }
    ]
}