type,key,timestamp,time_delay,word_color,word_text,timestamp_stim
concordant,none,,-1,yellow,yellow,1627315295.000102
concordant,none,,-1,green,green,1627315297.0251043
concordant,none,,-1,yellow,yellow,1627315299.0391014
concordant,none,,-1,green,green,1627315301.0541003
concordant,none,,-1,red,red,1627315303.0751011
concordant,none,,-1,yellow,yellow,1627315305.0891035
concordant,none,,-1,red,red,1627315307.100105
concordant,none,,-1,yellow,yellow,1627315309.115105
concordant,none,,-1,green,green,1627315311.1321034
concordant,none,,-1,yellow,yellow,1627315313.1491015
concordant,none,,-1,green,green,1627315315.164102
concordant,none,,-1,red,red,1627315317.1771019
concordant,none,,-1,green,green,1627315319.1931026
concordant,none,,-1,yellow,yellow,1627315321.2071023
concordant,none,,-1,green,green,1627315323.2251046
concordant,none,,-1,red,red,1627315325.2391047
concordant,none,,-1,green,green,1627315327.2581115
concordant,none,,-1,red,red,1627315329.2791042
concordant,none,,-1,green,green,1627315331.2941024
concordant,none,,-1,yellow,yellow,1627315333.3101037
concordant,none,,-1,red,red,1627315335.3251026
concordant,none,,-1,green,green,1627315337.341103
concordant,none,,-1,red,red,1627315339.356103
concordant,none,,-1,yellow,yellow,1627315341.3721042
concordant,none,,-1,green,green,1627315343.3871
type,key,timestamp,time_delay,word_color,word_text,timestamp_stim
discordant,none,,-1,green,red,1627315427.1916287
discordant,none,,-1,yellow,green,1627315429.2126281
discordant,none,,-1,green,yellow,1627315431.2326276
discordant,none,,-1,red,green,1627315433.2466288
discordant,none,,-1,green,red,1627315435.2576284
discordant,none,,-1,yellow,green,1627315437.2736304
discordant,none,,-1,red,yellow,1627315439.291627
discordant,none,,-1,green,red,1627315441.3056293
discordant,none,,-1,red,green,1627315443.3196254
discordant,none,,-1,green,red,1627315445.3346314
discordant,none,,-1,red,green,1627315447.347629
discordant,none,,-1,yellow,red,1627315449.3616338
discordant,none,,-1,red,yellow,1627315451.3756287
discordant,none,,-1,green,red,1627315453.395627
discordant,none,,-1,yellow,green,1627315455.4076324
discordant,none,,-1,green,yellow,1627315457.4236398
discordant,none,,-1,yellow,red,1627315459.4396286
discordant,none,,-1,red,green,1627315461.4566271
discordant,none,,-1,green,yellow,1627315463.468629
discordant,none,,-1,red,green,1627315465.4826262
discordant,none,,-1,yellow,red,1627315467.504629
discordant,none,,-1,red,yellow,1627315469.5236282
discordant,none,,-1,green,red,1627315471.5386276
discordant,none,,-1,red,yellow,1627315473.5576308
discordant,none,,-1,green,red,1627315475.5706298
type,key,timestamp,time_delay,word_color,word_text,timestamp_stim
concordant,none,,-1,red,red,1627315559.4073668
concordant,none,,-1,green,green,1627315561.4313645
concordant,none,,-1,yellow,yellow,1627315563.462366
concordant,none,,-1,red,red,1627315565.4773676
concordant,none,,-1,yellow,yellow,1627315567.4953678
concordant,none,,-1,red,red,1627315569.512367
concordant,none,,-1,green,green,1627315571.5233643
concordant,none,,-1,red,red,1627315573.539368
concordant,none,,-1,green,green,1627315575.5553718
concordant,none,,-1,red,red,1627315577.567367
concordant,none,,-1,green,green,1627315579.580367
concordant,none,,-1,yellow,yellow,1627315581.5963674
concordant,none,,-1,green,green,1627315583.6193705
concordant,none,,-1,red,red,1627315585.6383674
concordant,none,,-1,green,green,1627315587.6543689
concordant,none,,-1,red,red,1627315589.670367
concordant,none,,-1,yellow,yellow,1627315591.6853685
concordant,none,,-1,green,green,1627315593.6963675
concordant,none,,-1,red,red,1627315595.7093663
concordant,none,,-1,green,green,1627315597.7253668
concordant,none,,-1,yellow,yellow,1627315599.7403686
concordant,none,,-1,red,red,1627315601.7523668
concordant,none,,-1,green,green,1627315603.7683637
concordant,none,,-1,yellow,yellow,1627315605.783369
concordant,none,,-1,green,green,1627315607.796367
type,key,timestamp,time_delay,word_color,word_text,timestamp_stim
discordant,none,,-1,yellow,red,1627315691.5891116
discordant,none,,-1,red,green,1627315693.613104
discordant,none,,-1,green,yellow,1627315695.6471117
discordant,none,,-1,yellow,green,1627315697.6621044
discordant,none,,-1,red,yellow,1627315699.6781032
discordant,none,,-1,yellow,red,1627315701.6941056
discordant,none,,-1,green,yellow,1627315703.7121048
discordant,none,,-1,yellow,red,1627315705.729106
discordant,none,,-1,green,yellow,1627315707.747103
discordant,none,,-1,yellow,green,1627315709.7591047
discordant,none,,-1,red,yellow,1627315711.7711048
discordant,none,,-1,green,red,1627315713.7871044
discordant,none,,-1,red,green,1627315715.803106
discordant,none,,-1,green,red,1627315717.8201034
discordant,none,,-1,red,green,1627315719.8361046
discordant,none,,-1,green,yellow,1627315721.8511062
discordant,none,,-1,yellow,red,1627315723.8621037
discordant,none,,-1,red,yellow,1627315725.8771062
discordant,none,,-1,green,red,1627315727.8901029
discordant,none,,-1,red,green,1627315729.9031048
discordant,none,,-1,green,red,1627315731.9211035
discordant,none,,-1,yellow,green,1627315733.9351053
discordant,none,,-1,red,yellow,1627315735.9521623
discordant,none,,-1,green,red,1627315737.969572
discordant,none,,-1,red,green,1627315739.9858375
