{
    "params": {
        "study": "default",
        "session_type": "Stroop_speech",
        "eeg_device": "EPOC X",
        "participant_id": "red-moose",
        "group": "default",
        "age": "28",
        "comments": "",
        "session_uuid": "3af4234d-343c-4324-b593-9b9b3a4ada05",
        "timestamp": "20210726-115958"
    },
    "data_file": {
        "audio": "output/audio/20210726-115958_default_red-moose.wav",
        "EEG": "output/EEG/EPOCX/red moose speech_EPOCX_120482_2021.07.26T11.59.39.04.00.csv|output/EEG/EPOCX/red moose speech_EPOCX_120482_2021.07.26T11.59.39.04.00.edf|output/EEG/EPOCX/red moose speech_EPOCX_120482_2021.07.26T11.59.39.04.00.json|output/EEG/EPOCX/red moose speech_EPOCX_120482_2021.07.26T11.59.39.04.00.mdedf",
        "keyboard": "output/keyboard/20210726-115958_default_red-moose.csv"
    },
    "EEG_marks": {
        "EEG_markers": [
            {
                "name": "Stroop test",
                "type": "task",
                "mark": 80
            },
            {
                "name": "Relax",
                "type": "task",
                "mark": 73
            },
            {
                "name": "Concordant",
                "type": "stimulus",
                "mark": 1
            },
            {
                "name": "Discordant",
                "type": "stimulus",
                "mark": 2
            }
        ]
    },
    "task_log": [
        {
            "name": "text",
            "start": 1627315213.1964765,
            "end": 1627315218.2154794
        },
        {
            "name": "audio",
            "start": 1627315218.2154794,
            "end": 1627315218.2874782,
            "filename": "audio/audio_2547fa5a12-1min.mp3"
        },
        {
            "name": "video",
            "start": 1627315218.2874782,
            "end": 1627315282.0475373,
            "filename": "video/Background-8788.mp4"
        },
        {
            "name": "image",
            "start": 1627315282.0475373,
            "end": 1627315292.21653,
            "filename": "images/stroop_instructions_speak.png"
        },
        {
            "name": "audio",
            "start": 1627315292.21653,
            "end": 1627315294.9041026,
            "filename": "audio/voice_speak_your_answers.mp3"
        },
        {
            "name": "stroop",
            "start": 1627315294.9041026,
            "end": 1627315345.4011014
        },
        {
            "name": "text",
            "start": 1627315345.4011014,
            "end": 1627315350.4351075
        },
        {
            "name": "audio",
            "start": 1627315350.4351075,
            "end": 1627315350.4941027,
            "filename": "audio/audio_2547fa5a12-1min.mp3"
        },
        {
            "name": "video",
            "start": 1627315350.4941027,
            "end": 1627315414.2366285,
            "filename": "video/Background-8788.mp4"
        },
        {
            "name": "image",
            "start": 1627315414.2366285,
            "end": 1627315424.401628,
            "filename": "images/stroop_instructions_speak.png"
        },
        {
            "name": "audio",
            "start": 1627315424.401628,
            "end": 1627315427.1146293,
            "filename": "audio/voice_speak_your_answers.mp3"
        },
        {
            "name": "stroop",
            "start": 1627315427.1146293,
            "end": 1627315477.5826294
        },
        {
            "name": "text",
            "start": 1627315477.5826294,
            "end": 1627315482.6196296
        },
        {
            "name": "audio",
            "start": 1627315482.6196296,
            "end": 1627315482.6896288,
            "filename": "audio/audio_2547fa5a12-1min.mp3"
        },
        {
            "name": "video",
            "start": 1627315482.6896288,
            "end": 1627315546.4782228,
            "filename": "video/Background-8788.mp4"
        },
        {
            "name": "image",
            "start": 1627315546.4782228,
            "end": 1627315556.6402273,
            "filename": "images/stroop_instructions_speak.png"
        },
        {
            "name": "audio",
            "start": 1627315556.6402273,
            "end": 1627315559.3303702,
            "filename": "audio/voice_speak_your_answers.mp3"
        },
        {
            "name": "stroop",
            "start": 1627315559.3303702,
            "end": 1627315609.8073673
        },
        {
            "name": "text",
            "start": 1627315609.8073673,
            "end": 1627315614.8443758
        },
        {
            "name": "audio",
            "start": 1627315614.8443758,
            "end": 1627315614.9153743,
            "filename": "audio/audio_2547fa5a12-1min.mp3"
        },
        {
            "name": "video",
            "start": 1627315614.9163706,
            "end": 1627315678.6351528,
            "filename": "video/Background-8788.mp4"
        },
        {
            "name": "image",
            "start": 1627315678.6351528,
            "end": 1627315688.8041537,
            "filename": "images/stroop_instructions_speak.png"
        },
        {
            "name": "audio",
            "start": 1627315688.8041537,
            "end": 1627315691.514103,
            "filename": "audio/voice_speak_your_answers.mp3"
        },
        {
            "name": "stroop",
            "start": 1627315691.514103,
            "end": 1627315741.9960907
        }
    ]
}