type,key,timestamp,time_delay,word_color,word_text,timestamp_stim
concordant,none,,-1,red,red,1626454985.3593273
concordant,none,,-1,yellow,yellow,1626454987.3949947
concordant,none,,-1,green,green,1626454989.4297924
concordant,none,,-1,red,red,1626454991.4482467
concordant,none,,-1,green,green,1626454993.4646015
concordant,none,,-1,red,red,1626454995.47915
concordant,none,,-1,yellow,yellow,1626454997.4998012
concordant,none,,-1,green,green,1626454999.5143065
concordant,none,,-1,yellow,yellow,1626455001.5311992
concordant,none,,-1,green,green,1626455003.5468986
concordant,none,,-1,yellow,yellow,1626455005.5621104
concordant,none,,-1,green,green,1626455007.5803154
concordant,none,,-1,yellow,yellow,1626455009.592883
concordant,none,,-1,red,red,1626455011.6108882
concordant,none,,-1,green,green,1626455013.6258523
concordant,none,,-1,red,red,1626455015.6375058
concordant,none,,-1,green,green,1626455017.6547568
concordant,none,,-1,yellow,yellow,1626455019.6729074
concordant,none,,-1,green,green,1626455021.6848156
concordant,none,,-1,red,red,1626455023.7030108
concordant,none,,-1,green,green,1626455025.7231166
concordant,none,,-1,yellow,yellow,1626455027.7413259
concordant,none,,-1,green,green,1626455029.7612464
concordant,none,,-1,red,red,1626455031.7763882
concordant,none,,-1,green,green,1626455033.7923465
type,key,timestamp,time_delay,word_color,word_text,timestamp_stim
discordant,none,,-1,red,yellow,1626455118.1078007
discordant,none,,-1,green,red,1626455120.1348033
discordant,none,,-1,red,green,1626455122.1608045
discordant,none,,-1,yellow,red,1626455124.176807
discordant,none,,-1,green,yellow,1626455126.192802
discordant,none,,-1,yellow,green,1626455128.2048028
discordant,none,,-1,red,yellow,1626455130.2218034
discordant,none,,-1,green,red,1626455132.238802
discordant,none,,-1,yellow,green,1626455134.2548027
discordant,none,,-1,green,red,1626455136.272801
discordant,none,,-1,yellow,green,1626455138.2878017
discordant,none,,-1,green,red,1626455140.3028033
discordant,none,,-1,red,yellow,1626455142.3218012
discordant,none,,-1,yellow,green,1626455144.3378022
discordant,none,,-1,red,yellow,1626455146.3538032
discordant,none,,-1,green,red,1626455148.3678017
discordant,none,,-1,red,yellow,1626455150.379803
discordant,none,,-1,green,red,1626455152.3988028
discordant,none,,-1,yellow,green,1626455154.4118016
discordant,none,,-1,green,red,1626455156.4238014
discordant,none,,-1,red,green,1626455158.4418166
discordant,none,,-1,yellow,red,1626455160.4588137
discordant,none,,-1,red,green,1626455162.4788048
discordant,none,,-1,green,red,1626455164.4928043
discordant,none,,-1,red,green,1626455166.5098052
type,key,timestamp,time_delay,word_color,word_text,timestamp_stim
concordant,none,,-1,red,red,1626455250.3488033
concordant,none,,-1,green,green,1626455252.3718016
concordant,none,,-1,yellow,yellow,1626455254.4048047
concordant,none,,-1,green,green,1626455256.4198074
concordant,none,,-1,yellow,yellow,1626455258.432803
concordant,none,,-1,green,green,1626455260.4518023
concordant,none,,-1,red,red,1626455262.464805
concordant,none,,-1,yellow,yellow,1626455264.4818041
concordant,none,,-1,green,green,1626455266.4988027
concordant,none,,-1,red,red,1626455268.516805
concordant,none,,-1,green,green,1626455270.5288029
concordant,none,,-1,red,red,1626455272.5458045
concordant,none,,-1,green,green,1626455274.5638084
concordant,none,,-1,red,red,1626455276.580809
concordant,none,,-1,yellow,yellow,1626455278.5978053
concordant,none,,-1,red,red,1626455280.610801
concordant,none,,-1,green,green,1626455282.6278033
concordant,none,,-1,yellow,yellow,1626455284.6438015
concordant,none,,-1,red,red,1626455286.6598024
concordant,none,,-1,green,green,1626455288.6748042
concordant,none,,-1,yellow,yellow,1626455290.6878023
concordant,none,,-1,red,red,1626455292.7028027
concordant,none,,-1,green,green,1626455294.7178028
concordant,none,,-1,yellow,yellow,1626455296.7358036
concordant,none,,-1,red,red,1626455298.7528012
type,key,timestamp,time_delay,word_color,word_text,timestamp_stim
discordant,none,,-1,yellow,red,1626455382.54659
discordant,none,,-1,red,yellow,1626455384.5705934
discordant,none,,-1,green,red,1626455386.5965877
discordant,none,,-1,yellow,green,1626455388.6185946
discordant,none,,-1,red,yellow,1626455390.6355915
discordant,none,,-1,green,red,1626455392.6515875
discordant,none,,-1,red,yellow,1626455394.6685903
discordant,none,,-1,yellow,green,1626455396.6925898
discordant,none,,-1,red,yellow,1626455398.713591
discordant,none,,-1,yellow,red,1626455400.7285912
discordant,none,,-1,red,green,1626455402.7455914
discordant,none,,-1,yellow,red,1626455404.7655902
discordant,none,,-1,red,yellow,1626455406.7815938
discordant,none,,-1,green,red,1626455408.7995899
discordant,none,,-1,yellow,green,1626455410.8215923
discordant,none,,-1,red,yellow,1626455412.8435907
discordant,none,,-1,yellow,green,1626455414.8615918
discordant,none,,-1,red,yellow,1626455416.8825934
discordant,none,,-1,green,red,1626455418.9095912
discordant,none,,-1,red,green,1626455420.9335892
discordant,none,,-1,yellow,red,1626455422.9535909
discordant,none,,-1,green,yellow,1626455424.9805925
discordant,none,,-1,yellow,red,1626455427.0005908
discordant,none,,-1,red,green,1626455429.0155947
discordant,none,,-1,green,yellow,1626455431.0445917
