{
    "params": {
        "study": "default",
        "session_type": "Stroop_speech",
        "eeg_device": "EPOC X",
        "participant_id": "orange-crocodile",
        "group": "default",
        "age": "20",
        "comments": "",
        "session_uuid": "07c8c674-5262-4de8-8b48-d48b49a11c5e",
        "timestamp": "20210716-125943"
    },
    "data_file": {
        "audio": "output/audio/20210716-125943_default_orange-crocodile.wav",
        "EEG": "output/EEG/EPOCX/orange crocodile_EPOCX_135155_2021.07.16T13.01.08.04.00.csv|output/EEG/EPOCX/orange crocodile_EPOCX_135155_2021.07.16T13.01.08.04.00.edf|output/EEG/EPOCX/orange crocodile_EPOCX_135155_2021.07.16T13.01.08.04.00.json|output/EEG/EPOCX/orange crocodile_EPOCX_135155_2021.07.16T13.01.08.04.00.mdedf",
        "keyboard": "output/keyboard/20210716-125943_default_orange-crocodile.csv"
    },
    "EEG_marks": {
        "EEG_markers": [
            {
                "name": "Stroop test",
                "type": "task",
                "mark": 80
            },
            {
                "name": "Relax",
                "type": "task",
                "mark": 73
            },
            {
                "name": "Concordant",
                "type": "stimulus",
                "mark": 1
            },
            {
                "name": "Discordant",
                "type": "stimulus",
                "mark": 2
            }
        ]
    },
    "task_log": [
        {
            "name": "text",
            "start": 1626454903.0221663,
            "end": 1626454908.0378594
        },
        {
            "name": "audio",
            "start": 1626454908.0378594,
            "end": 1626454908.1048172,
            "filename": "audio/audio_2547fa5a12-1min.mp3"
        },
        {
            "name": "video",
            "start": 1626454908.1048172,
            "end": 1626454972.1334128,
            "filename": "video/Background-8788.mp4"
        },
        {
            "name": "image",
            "start": 1626454972.1334128,
            "end": 1626454982.4989963,
            "filename": "images/stroop_instructions_speak.png"
        },
        {
            "name": "audio",
            "start": 1626454982.4989963,
            "end": 1626454985.2760382,
            "filename": "audio/voice_speak_your_answers.mp3"
        },
        {
            "name": "stroop",
            "start": 1626454985.2760382,
            "end": 1626455035.8039331
        },
        {
            "name": "text",
            "start": 1626455035.8039331,
            "end": 1626455040.8442433
        },
        {
            "name": "audio",
            "start": 1626455040.8442433,
            "end": 1626455040.914236,
            "filename": "audio/audio_2547fa5a12-1min.mp3"
        },
        {
            "name": "video",
            "start": 1626455040.914236,
            "end": 1626455105.1547828,
            "filename": "video/Background-8788.mp4"
        },
        {
            "name": "image",
            "start": 1626455105.1547828,
            "end": 1626455115.3217824,
            "filename": "images/stroop_instructions_speak.png"
        },
        {
            "name": "audio",
            "start": 1626455115.3217824,
            "end": 1626455118.0158012,
            "filename": "audio/voice_speak_your_answers.mp3"
        },
        {
            "name": "stroop",
            "start": 1626455118.0158012,
            "end": 1626455168.5258017
        },
        {
            "name": "text",
            "start": 1626455168.5258017,
            "end": 1626455173.5598054
        },
        {
            "name": "audio",
            "start": 1626455173.5598054,
            "end": 1626455173.6158023,
            "filename": "audio/audio_2547fa5a12-1min.mp3"
        },
        {
            "name": "video",
            "start": 1626455173.6158023,
            "end": 1626455237.411806,
            "filename": "video/Background-8788.mp4"
        },
        {
            "name": "image",
            "start": 1626455237.411806,
            "end": 1626455247.5818033,
            "filename": "images/stroop_instructions_speak.png"
        },
        {
            "name": "audio",
            "start": 1626455247.5818033,
            "end": 1626455250.2698026,
            "filename": "audio/voice_speak_your_answers.mp3"
        },
        {
            "name": "stroop",
            "start": 1626455250.2698026,
            "end": 1626455300.7628043
        },
        {
            "name": "text",
            "start": 1626455300.7628043,
            "end": 1626455305.7988026
        },
        {
            "name": "audio",
            "start": 1626455305.7988026,
            "end": 1626455305.855802,
            "filename": "audio/audio_2547fa5a12-1min.mp3"
        },
        {
            "name": "video",
            "start": 1626455305.855802,
            "end": 1626455369.6363642,
            "filename": "video/Background-8788.mp4"
        },
        {
            "name": "image",
            "start": 1626455369.6363642,
            "end": 1626455379.7873633,
            "filename": "images/stroop_instructions_speak.png"
        },
        {
            "name": "audio",
            "start": 1626455379.7873633,
            "end": 1626455382.474589,
            "filename": "audio/voice_speak_your_answers.mp3"
        },
        {
            "name": "stroop",
            "start": 1626455382.474589,
            "end": 1626455433.0636008
        }
    ]
}