type,key,timestamp,time_delay,word_color,word_text,timestamp_stim
concordant,none,,-1,red,red,1627312936.3056371
concordant,none,,-1,green,green,1627312938.3326352
concordant,none,,-1,yellow,yellow,1627312940.3736355
concordant,none,,-1,red,red,1627312942.3886359
concordant,none,,-1,green,green,1627312944.4046357
concordant,none,,-1,red,red,1627312946.4166365
concordant,none,,-1,green,green,1627312948.4316392
concordant,none,,-1,red,red,1627312950.4446363
concordant,none,,-1,green,green,1627312952.4596338
concordant,none,,-1,yellow,yellow,1627312954.4746351
concordant,none,,-1,red,red,1627312956.4846363
concordant,none,,-1,green,green,1627312958.4996367
concordant,none,,-1,yellow,yellow,1627312960.5156517
concordant,none,,-1,red,red,1627312962.5366387
concordant,none,,-1,yellow,yellow,1627312964.5546343
concordant,none,,-1,green,green,1627312966.5686333
concordant,none,,-1,yellow,yellow,1627312968.588641
concordant,none,,-1,red,red,1627312970.6046364
concordant,none,,-1,yellow,yellow,1627312972.6196384
concordant,none,,-1,red,red,1627312974.633635
concordant,none,,-1,yellow,yellow,1627312976.6476364
concordant,none,,-1,red,red,1627312978.6656342
concordant,none,,-1,green,green,1627312980.6816342
concordant,none,,-1,red,red,1627312982.7006402
concordant,none,,-1,green,green,1627312984.7206368
type,key,timestamp,time_delay,word_color,word_text,timestamp_stim
discordant,none,,-1,green,red,1627313068.59427
discordant,none,,-1,red,yellow,1627313070.6312728
discordant,none,,-1,green,red,1627313072.6532736
discordant,none,,-1,yellow,green,1627313074.6762712
discordant,none,,-1,red,yellow,1627313076.6902692
discordant,none,,-1,yellow,red,1627313078.70427
discordant,none,,-1,red,green,1627313080.719271
discordant,none,,-1,green,yellow,1627313082.73727
discordant,none,,-1,yellow,red,1627313084.7532692
discordant,none,,-1,red,green,1627313086.7732713
discordant,none,,-1,green,red,1627313088.7902708
discordant,none,,-1,yellow,green,1627313090.8032706
discordant,none,,-1,green,yellow,1627313092.8162735
discordant,none,,-1,yellow,red,1627313094.829275
discordant,none,,-1,red,yellow,1627313096.8442688
discordant,none,,-1,green,red,1627313098.8602731
discordant,none,,-1,red,green,1627313100.875271
discordant,none,,-1,yellow,red,1627313102.890268
discordant,none,,-1,green,yellow,1627313104.907269
discordant,none,,-1,yellow,red,1627313106.9212677
discordant,none,,-1,red,green,1627313108.936267
discordant,none,,-1,yellow,red,1627313110.9552708
discordant,none,,-1,green,yellow,1627313112.9702685
discordant,none,,-1,yellow,red,1627313114.9852724
discordant,none,,-1,green,yellow,1627313117.000272
type,key,timestamp,time_delay,word_color,word_text,timestamp_stim
concordant,none,,-1,yellow,yellow,1627313200.8473413
concordant,none,,-1,green,green,1627313202.877337
concordant,none,,-1,red,red,1627313204.9073381
concordant,none,,-1,green,green,1627313206.9243386
concordant,none,,-1,yellow,yellow,1627313208.9413414
concordant,none,,-1,green,green,1627313210.959338
concordant,none,,-1,yellow,yellow,1627313212.974339
concordant,none,,-1,red,red,1627313214.990339
concordant,none,,-1,yellow,yellow,1627313217.005339
concordant,none,,-1,red,red,1627313219.0153396
concordant,none,,-1,yellow,yellow,1627313221.028339
concordant,none,,-1,red,red,1627313223.0423384
concordant,none,,-1,green,green,1627313225.0583367
concordant,none,,-1,red,red,1627313227.0753355
concordant,none,,-1,green,green,1627313229.091339
concordant,none,,-1,red,red,1627313231.1093378
concordant,none,,-1,green,green,1627313233.126337
concordant,none,,-1,red,red,1627313235.1413372
concordant,none,,-1,yellow,yellow,1627313237.1553416
concordant,none,,-1,green,green,1627313239.1723392
concordant,none,,-1,yellow,yellow,1627313241.1903443
concordant,none,,-1,red,red,1627313243.201338
concordant,none,,-1,green,green,1627313245.2163372
concordant,none,,-1,yellow,yellow,1627313247.2283382
concordant,none,,-1,red,red,1627313249.2443404
type,key,timestamp,time_delay,word_color,word_text,timestamp_stim
discordant,none,,-1,green,yellow,1627313333.0628097
discordant,none,,-1,yellow,red,1627313335.088809
discordant,none,,-1,red,green,1627313337.1148078
discordant,none,,-1,green,yellow,1627313339.135805
discordant,none,,-1,red,green,1627313341.1488078
discordant,none,,-1,yellow,red,1627313343.166805
discordant,none,,-1,red,yellow,1627313345.1798046
discordant,none,,-1,yellow,green,1627313347.1938055
discordant,none,,-1,green,red,1627313349.209807
discordant,none,,-1,yellow,green,1627313351.2278047
discordant,none,,-1,green,yellow,1627313353.240806
discordant,none,,-1,red,green,1627313355.2578056
discordant,none,,-1,yellow,red,1627313357.2708035
discordant,none,,-1,green,yellow,1627313359.2888048
discordant,none,,-1,yellow,red,1627313361.3118143
discordant,none,,-1,green,yellow,1627313363.3248072
discordant,none,,-1,yellow,green,1627313365.3398068
discordant,none,,-1,red,yellow,1627313367.3548079
discordant,none,,-1,green,red,1627313369.3698082
discordant,none,,-1,yellow,green,1627313371.3848057
discordant,none,,-1,red,yellow,1627313373.3998058
discordant,none,,-1,yellow,red,1627313375.4148045
discordant,none,,-1,green,yellow,1627313377.4279318
discordant,none,,-1,red,green,1627313379.44028
discordant,none,,-1,yellow,red,1627313381.4540968
