{
    "params": {
        "study": "default",
        "session_type": "Stroop_speech",
        "eeg_device": "EPOC X",
        "participant_id": "navy-giraffe",
        "group": "default",
        "age": "23",
        "comments": "",
        "session_uuid": "0756c76e-69b8-4494-b756-93048ac45bbe",
        "timestamp": "20210726-111951"
    },
    "data_file": {
        "audio": "output/audio/20210726-111951_default_navy-giraffe.wav",
        "EEG": "output/EEG/EPOCX/navy giraffe stroop speech_EPOCX_120482_2021.07.26T11.20.39.04.00.csv|output/EEG/EPOCX/navy giraffe stroop speech_EPOCX_120482_2021.07.26T11.20.39.04.00.edf|output/EEG/EPOCX/navy giraffe stroop speech_EPOCX_120482_2021.07.26T11.20.39.04.00.json|output/EEG/EPOCX/navy giraffe stroop speech_EPOCX_120482_2021.07.26T11.20.39.04.00.mdedf",
        "keyboard": "output/keyboard/20210726-111951_default_navy-giraffe.csv"
    },
    "EEG_marks": {
        "EEG_markers": [
            {
                "name": "Stroop test",
                "type": "task",
                "mark": 80
            },
            {
                "name": "Relax",
                "type": "task",
                "mark": 73
            },
            {
                "name": "Concordant",
                "type": "stimulus",
                "mark": 1
            },
            {
                "name": "Discordant",
                "type": "stimulus",
                "mark": 2
            }
        ]
    },
    "task_log": [
        {
            "name": "text",
            "start": 1627312854.363873,
            "end": 1627312859.391873
        },
        {
            "name": "audio",
            "start": 1627312859.391873,
            "end": 1627312859.4678726,
            "filename": "audio/audio_2547fa5a12-1min.mp3"
        },
        {
            "name": "video",
            "start": 1627312859.4678726,
            "end": 1627312923.3618724,
            "filename": "video/Background-8788.mp4"
        },
        {
            "name": "image",
            "start": 1627312923.3618724,
            "end": 1627312933.5268714,
            "filename": "images/stroop_instructions_speak.png"
        },
        {
            "name": "audio",
            "start": 1627312933.5268714,
            "end": 1627312936.2276695,
            "filename": "audio/voice_speak_your_answers.mp3"
        },
        {
            "name": "stroop",
            "start": 1627312936.2276695,
            "end": 1627312986.7356334
        },
        {
            "name": "text",
            "start": 1627312986.7356334,
            "end": 1627312991.7756362
        },
        {
            "name": "audio",
            "start": 1627312991.7756362,
            "end": 1627312991.8376377,
            "filename": "audio/audio_2547fa5a12-1min.mp3"
        },
        {
            "name": "video",
            "start": 1627312991.8386364,
            "end": 1627313055.6364374,
            "filename": "video/Background-8788.mp4"
        },
        {
            "name": "image",
            "start": 1627313055.6364374,
            "end": 1627313065.807435,
            "filename": "images/stroop_instructions_speak.png"
        },
        {
            "name": "audio",
            "start": 1627313065.807435,
            "end": 1627313068.5142689,
            "filename": "audio/voice_speak_your_answers.mp3"
        },
        {
            "name": "stroop",
            "start": 1627313068.5142689,
            "end": 1627313119.0142736
        },
        {
            "name": "text",
            "start": 1627313119.0142736,
            "end": 1627313124.0492718
        },
        {
            "name": "audio",
            "start": 1627313124.0492718,
            "end": 1627313124.1082706,
            "filename": "audio/audio_2547fa5a12-1min.mp3"
        },
        {
            "name": "video",
            "start": 1627313124.1082706,
            "end": 1627313187.8753173,
            "filename": "video/Background-8788.mp4"
        },
        {
            "name": "image",
            "start": 1627313187.8753173,
            "end": 1627313198.0473163,
            "filename": "images/stroop_instructions_speak.png"
        },
        {
            "name": "audio",
            "start": 1627313198.0473163,
            "end": 1627313200.7483363,
            "filename": "audio/voice_speak_your_answers.mp3"
        },
        {
            "name": "stroop",
            "start": 1627313200.7483363,
            "end": 1627313251.263339
        },
        {
            "name": "text",
            "start": 1627313251.263339,
            "end": 1627313256.2953403
        },
        {
            "name": "audio",
            "start": 1627313256.2953403,
            "end": 1627313256.3623414,
            "filename": "audio/audio_2547fa5a12-1min.mp3"
        },
        {
            "name": "video",
            "start": 1627313256.3623414,
            "end": 1627313320.1163864,
            "filename": "video/Background-8788.mp4"
        },
        {
            "name": "image",
            "start": 1627313320.1163864,
            "end": 1627313330.279385,
            "filename": "images/stroop_instructions_speak.png"
        },
        {
            "name": "audio",
            "start": 1627313330.279385,
            "end": 1627313332.9738066,
            "filename": "audio/voice_speak_your_answers.mp3"
        },
        {
            "name": "stroop",
            "start": 1627313332.9738066,
            "end": 1627313383.4669566
        }
    ]
}